n_samples,min_ax,min_ay,min_az,min_gx,min_gy,min_gz,max_ax,max_ay,max_az,max_gx,max_gy,max_gz,mean_ax,mean_ay,mean_az,mean_gx,mean_gy,mean_gz,std_ax,std_ay,std_az,std_gx,std_gy,std_gz,mag_acc_mean,mag_gyro_mean,timestamp_inicio,timestamp_fim,classe
50,-6100.0,-23172.0,-8088.0,-1168.0,-8348.0,-4373.0,4752.0,-12644.0,5796.0,-1088.0,7366.0,26515.0,-2540.88,-16048.16,743.68,-1129.28,-821.64,6337.2,3334.233229034826,1752.715463045842,2376.875911275134,19.749470878988124,3437.413363330049,9051.159287074777,16782.226030195983,8586.966927745481,2025-11-25T15:16:56.011857,2025-11-25T15:16:58.619298,0
50,-5600.0,-22692.0,-7160.0,-1152.0,-5903.0,-12663.0,6184.0,-9216.0,1856.0,-1088.0,7667.0,30162.0,-716.8,-16543.92,-3201.68,-1121.6,916.78,6716.38,2243.220827292757,2829.6774080449522,2177.120019107812,15.758172482873768,2872.674435365066,10274.931966470629,17178.841378853926,10151.84548580142,2025-11-25T15:16:58.619298,2025-11-25T15:17:01.283799,0
50,-7192.0,-28364.0,-6536.0,-1168.0,-5735.0,-19263.0,740.0,-6932.0,3292.0,-1072.0,8003.0,24828.0,-2812.24,-15960.88,-2463.6,-1120.0,623.24,-188.04,1980.556755662407,3450.720438633069,2187.054164852805,20.983803277766402,2876.8275552072982,9776.477795116194,16679.24024404182,8416.721150473448,2025-11-25T15:17:01.283799,2025-11-25T15:17:03.940256,0
50,-176.0,-18628.0,1968.0,-1152.0,-4046.0,-19334.0,10568.0,-10308.0,11468.0,-1072.0,9059.0,8194.0,4206.56,-14203.44,7072.0,-1113.28,863.1,-1383.72,2895.029424099175,1848.6076940227204,2602.3674144901215,18.6837255385536,3001.666452156202,4863.745667857233,16860.847257006335,4983.314167144606,2025-11-25T15:17:03.940256,2025-11-25T15:17:06.596699,0
50,-11560.0,-18628.0,-9036.0,-1136.0,-16641.0,-16178.0,4508.0,-9596.0,10024.0,-1072.0,523.0,3884.0,-5672.72,-13565.12,-2764.8,-1102.4,-5773.88,-5175.04,4344.092278209569,2522.3521771552837,5472.062046431857,18.172506706560874,4281.6616056853445,5001.889110965976,16602.415066225924,9018.13060399104,2025-11-25T15:17:06.596699,2025-11-25T15:17:09.254421,0
50,-12416.0,-17576.0,-12840.0,-1136.0,-5666.0,-12499.0,-3976.0,-10116.0,264.0,-1056.0,6015.0,7380.0,-9242.24,-13237.12,-3094.24,-1099.84,-347.82,-1363.26,2232.067835528302,1888.220671849559,2577.1099670755225,21.42088700310984,1841.770177736625,3950.822014771103,16835.09933580653,3898.3977416549683,2025-11-25T15:17:09.254421,2025-11-25T15:17:11.915304,0
50,-13604.0,-16660.0,-6268.0,-1136.0,-3935.0,-7145.0,-5408.0,-8032.0,3828.0,-1056.0,4268.0,5453.0,-8842.48,-13717.12,-1122.8,-1086.08,66.42,-454.6,1876.7609356548319,1777.4867722714564,1892.8252322916662,21.380215153267283,1466.7174518631732,2367.229705795363,16635.114409109417,2625.007106958864,2025-11-25T15:17:11.915304,2025-11-25T15:17:14.569048,0
50,-7840.0,-18624.0,-1056.0,-1104.0,-3198.0,-5078.0,-2276.0,-12968.0,3992.0,-1040.0,3933.0,5025.0,-4296.24,-15901.52,1042.48,-1072.0,15.52,-65.48,1157.5437194335254,998.135186034437,1118.696924819229,16.93280839081338,1446.418158624953,2268.2510376058467,16586.695835462036,2630.2077937004233,2025-11-25T15:17:14.569048,2025-11-25T15:17:17.224329,0
50,-8196.0,-16488.0,-2376.0,-1088.0,-3281.0,-3441.0,-3676.0,-13612.0,2568.0,-1024.0,873.0,2047.0,-6044.32,-15344.72,-424.08,-1057.28,-1116.8,-474.12,1166.499540334243,657.8041970069817,1233.3640474734132,18.888133841118343,939.7550957563359,1303.78307459485,16589.763705627574,2138.0538301463266,2025-11-25T15:17:17.224329,2025-11-25T15:17:19.887102,0
50,-7872.0,-18580.0,-5676.0,-1088.0,-5402.0,-7964.0,-2844.0,-13368.0,2932.0,-1024.0,1835.0,3588.0,-5140.56,-15639.76,-2377.6,-1054.72,-1196.44,-1171.82,1139.8644157968965,1090.9505316007687,1947.4806699939284,13.889622025094852,1523.9900020669427,2598.1093178694387,16794.316185992695,3190.078159784926,2025-11-25T15:17:19.887102,2025-11-25T15:17:22.547839,0
50,-9356.0,-18932.0,-7948.0,-1088.0,-1978.0,-9681.0,-1492.0,-12928.0,1804.0,-1008.0,2822.0,6367.0,-5160.24,-15663.28,-2079.92,-1046.72,153.16,-242.34,1404.6672853028222,1266.4625859455937,1824.8221813645296,15.706100725514274,1024.2845378116376,3205.4559152170536,16782.967885838447,2988.3426132195586,2025-11-25T15:17:22.547839,2025-11-25T15:17:25.205221,0
50,-10356.0,-17192.0,-3884.0,-1088.0,-1716.0,-2360.0,-4136.0,-13196.0,420.0,-992.0,2938.0,4530.0,-7579.28,-14643.12,-1993.52,-1037.44,395.56,877.16,1266.3483729211325,882.7710153828115,842.6229106783176,21.78821699910298,1076.0942367655352,1568.4034985933945,16691.90756233733,2214.1374858531995,2025-11-25T15:17:25.205221,2025-11-25T15:17:27.868038,0
50,-15408.0,-17952.0,-6840.0,-1056.0,-5722.0,-9590.0,-1808.0,-8468.0,7744.0,-976.0,5151.0,8086.0,-9876.24,-12512.16,-1139.84,-1021.44,-247.16,333.7,2963.238704930806,2532.5389581208815,2807.580021014539,17.631970961863566,2601.320052281149,3825.910606639941,16639.03717003733,4178.863316995006,2025-11-25T15:17:27.868038,2025-11-25T15:17:30.522080,0
50,-14644.0,-20288.0,-4564.0,-1040.0,-3690.0,-13729.0,940.0,-9220.0,2576.0,-976.0,7672.0,16886.0,-7790.64,-13681.84,-1431.52,-1020.8,1153.76,1963.0,4655.053279007663,2985.2713870601447,1793.0778258625585,16.62768775266122,2364.638048919961,6303.80473365094,16799.085428187038,5678.675447071614,2025-11-25T15:17:30.522080,2025-11-25T15:17:33.177107,0
50,-6144.0,-18460.0,-4076.0,-1040.0,-925.0,231.0,-396.0,-14224.0,3728.0,-976.0,6928.0,15958.0,-3811.2,-15969.36,-105.6,-1015.04,1998.78,7099.94,1323.3199461959302,928.4032261899998,2321.32858509949,20.02494444436738,1693.0389870289462,4553.070297766113,16639.45128701702,7784.983000420121,2025-11-25T15:17:33.177107,2025-11-25T15:17:35.836596,0
50,-11820.0,-17248.0,-4724.0,-1056.0,-7947.0,-8987.0,-3884.0,-7124.0,4892.0,-960.0,3898.0,5564.0,-8206.0,-14111.6,-215.2,-1008.64,-1590.44,-1396.46,1908.6224980335949,1684.2694796261078,1850.4048421899463,19.715739904959186,2900.789645320736,3902.1647131303926,16576.226836551556,4626.341880841189,2025-11-25T15:17:35.836596,2025-11-25T15:17:38.494529,0
50,-13876.0,-15092.0,-2104.0,-1040.0,-5337.0,-13370.0,-8508.0,-8728.0,4748.0,-960.0,3174.0,4940.0,-11121.36,-11753.52,958.64,-1001.6,-483.14,-643.08,1206.6563679855171,1468.9971305622078,1471.811207458348,16.62768775266122,1760.7436157487552,3392.820701658135,16359.791011032272,3264.4558596743295,2025-11-25T15:17:38.494529,2025-11-25T15:17:41.149374,0
50,-14548.0,-13608.0,744.0,-1024.0,-3635.0,-6115.0,-10024.0,-6660.0,5984.0,-944.0,3146.0,6570.0,-12020.32,-10096.32,3463.6,-985.28,596.6,141.18,917.0376096976612,1475.8067819331907,1238.3246101083512,20.760578026635,1137.7245888175223,2690.2253562852316,16175.154322216367,2721.392070707431,2025-11-25T15:17:41.149374,2025-11-25T15:17:43.813497,0
50,-12704.0,-16228.0,-5264.0,-1024.0,-9179.0,-8921.0,-7464.0,-8804.0,4428.0,-928.0,6215.0,8424.0,-9947.2,-12620.4,1181.12,-981.12,-1067.2,-79.0,1288.8441953936867,1490.8772719442738,2050.288103072346,21.332266639998668,3405.235604183652,3320.9419446897896,16318.079434448346,4409.447562838472,2025-11-25T15:17:43.813497,2025-11-25T15:17:46.468347,0
50,-15880.0,-16992.0,-9200.0,-1008.0,-5582.0,-8196.0,-2648.0,-6960.0,5644.0,-928.0,10965.0,11920.0,-10667.52,-11861.52,-1908.72,-966.08,311.44,547.58,2707.3103570887474,2636.9702481446393,2538.316001131459,18.901682464796618,3669.6862490409176,4261.570931428925,16600.812473355323,4864.04789922987,2025-11-25T15:17:46.468347,2025-11-25T15:17:49.130243,0
50,-16504.0,-21324.0,-7332.0,-1008.0,-16028.0,-28982.0,2316.0,-8280.0,5180.0,-928.0,15560.0,7530.0,-6497.04,-14604.24,-1931.2,-967.04,-1314.86,-5385.98,4471.007675949572,2874.1335150615396,2727.3278937450846,21.022806663240758,5679.8675618714915,8142.982560438159,17087.444511664875,8927.724014184241,2025-11-25T15:17:49.130243,2025-11-25T15:17:51.790180,0
50,-9496.0,-19232.0,-5844.0,-1008.0,-7698.0,-9998.0,580.0,-12328.0,3072.0,-928.0,5389.0,9401.0,-5252.32,-15562.8,-611.44,-970.88,155.04,1429.16,2390.755909247115,1419.494276142035,1937.7943767077043,17.655186206891162,2821.1810077341725,4508.54177028449,16739.43240579159,4975.4112371177125,2025-11-25T15:17:51.790180,2025-11-25T15:17:54.445576,0
50,-8312.0,-18752.0,-6068.0,-1008.0,-5012.0,-9734.0,-64.0,-13520.0,-276.0,-928.0,5185.0,6591.0,-3772.72,-16156.16,-3217.44,-961.28,-678.64,-1251.58,1962.8070821147962,1117.0243213108656,1137.6767231511772,18.888133841118343,2071.136391066508,2819.175447466865,17060.950394373915,3396.8555496973095,2025-11-25T15:17:54.445576,2025-11-25T15:17:57.100671,0
50,-12560.0,-21840.0,-6756.0,-992.0,-6263.0,-15524.0,-972.0,-9500.0,10132.0,-912.0,9431.0,13444.0,-6225.2,-14789.28,697.6,-952.0,1648.62,524.42,2030.8080362259748,2151.2687887848883,3851.466962080812,17.00823330037544,3951.9880814091534,7134.822190047907,16699.050026329944,7417.653867505712,2025-11-25T15:17:57.100671,2025-11-25T15:17:59.760874,0
50,-10344.0,-22488.0,-7212.0,-1008.0,-15651.0,-22760.0,-1820.0,-7064.0,3348.0,-928.0,7727.0,29934.0,-5349.84,-15408.56,-2468.48,-962.88,-3730.38,-3649.14,2213.200572564538,2454.1937344879684,2394.013418842927,19.64549821205866,4999.359082482473,8198.777960184067,16877.358894593715,9469.463457675707,2025-11-25T15:17:59.760874,2025-11-25T15:18:02.417915,0
50,-6880.0,-26272.0,-8732.0,-992.0,-5285.0,-24535.0,4036.0,-12648.0,1404.0,-912.0,5342.0,15077.0,-389.92,-16470.08,-4246.96,-960.0,4.64,-2782.3,2440.545282022032,2269.8645231819455,2268.5686496996295,16.62768775266122,2341.094118227629,10029.093756167604,17342.891661116166,9729.778249973473,2025-11-25T15:18:02.417915,2025-11-25T15:18:05.072604,0
50,-6164.0,-23152.0,-8072.0,-1008.0,-9918.0,-23036.0,12568.0,-13628.0,6936.0,-928.0,5751.0,17637.0,321.68,-16161.68,449.36,-965.76,-96.34,2029.58,3364.5497852758845,1784.7519652881742,3781.795773227317,20.42993881537583,3754.430841605689,9137.376781308736,16921.734192709933,8784.99966249662,2025-11-25T15:18:05.072604,2025-11-25T15:18:07.732678,0
50,-18404.0,-16976.0,-6408.0,-1008.0,-3220.0,-5909.0,-4648.0,-5424.0,1656.0,-912.0,6463.0,14393.0,-11932.88,-10741.04,-3145.84,-959.04,306.32,523.3,2697.1024796251254,2471.089257473311,1492.9858855327468,19.042016699919156,2184.8654644165163,3799.9125371513487,16677.685306893385,3779.377702360509,2025-11-25T15:18:07.732678,2025-11-25T15:18:10.392777,0
50,-14112.0,-15132.0,-4380.0,-1040.0,-2298.0,-5042.0,-6960.0,-8476.0,1080.0,-928.0,9632.0,12862.0,-10242.64,-12552.0,-2688.08,-972.48,1961.78,1878.08,1921.970923401288,1606.8027383596282,1049.877551717342,22.46618792763917,3509.283381489731,3756.8923212676723,16619.657559230287,4785.691769724865,2025-11-25T15:18:10.392777,2025-11-25T15:18:13.052646,0
50,-9408.0,-21284.0,-6052.0,-1024.0,-7712.0,-22277.0,10896.0,-6520.0,12368.0,-928.0,9183.0,7916.0,-24.72,-13974.32,3079.44,-976.32,2339.38,-2085.88,5463.245142001227,2828.386970978335,5067.020963682704,19.85289903263501,4199.417544803088,6908.976403607122,16169.882218016019,7168.388616307575,2025-11-25T15:18:13.052646,2025-11-25T15:18:15.707567,0
50,-6184.0,-32768.0,-6556.0,-1040.0,-27535.0,-14355.0,9996.0,-5852.0,13352.0,-944.0,8034.0,22610.0,187.28,-16751.12,536.48,-992.96,-1761.4,1087.56,3807.2019071228674,4361.68468663199,4064.527732664645,22.264734447102665,7988.75828398882,8313.423066727688,17736.56096293515,10028.18731933659,2025-11-25T15:18:15.707567,2025-11-25T15:18:18.368862,0
50,-9900.0,-21788.0,-10844.0,-1040.0,-14799.0,-28812.0,7072.0,-11596.0,6568.0,-960.0,11148.0,20858.0,-1563.6,-16994.56,217.92,-994.56,-1069.92,-2419.56,3812.7260798541506,2606.5237245035773,3561.9459167146265,17.92,5398.712182882136,10057.162854722,17857.237258638484,9744.97041566519,2025-11-25T15:18:18.368862,2025-11-25T15:18:21.030218,0
50,-2196.0,-25184.0,-14680.0,-1056.0,-32768.0,-10784.0,18216.0,-2492.0,25900.0,-960.0,4482.0,24749.0,2873.68,-16158.16,1666.72,-1007.36,-1182.84,1586.64,3759.367528933557,3214.92192975195,4781.898899140382,19.189330368723137,5189.6810166329105,6473.739753063912,17339.57504066685,6543.03804732431,2025-11-25T15:18:21.030218,2025-11-25T15:18:23.684396,0
50,-5472.0,-32224.0,-4060.0,-1040.0,-4314.0,-11904.0,8056.0,-12424.0,6244.0,-960.0,5335.0,902.0,2892.48,-16369.6,1841.52,-1008.96,476.72,-3295.1,3019.242144909878,2858.115854894619,2041.8893039535712,19.832256553403095,2158.6504120862182,2953.6927819257035,17105.70693138683,4211.224838565001,2025-11-25T15:18:23.684396,2025-11-25T15:18:26.879539,0
50,-3624.0,-20912.0,-3152.0,-1056.0,-14958.0,-17763.0,6824.0,-5400.0,15776.0,-960.0,17808.0,18870.0,2598.8,-16098.72,2219.68,-995.52,51.5,401.18,2975.1686204314537,2840.2557000382903,3790.600572152123,19.009723827557305,8638.47982980802,8330.423983663737,17186.702463445017,10733.29622247267,2025-11-25T15:18:26.879539,2025-11-25T15:18:29.531992,0
50,-9436.0,-19648.0,-5432.0,-1056.0,-13425.0,-15321.0,3632.0,-10980.0,7980.0,-944.0,8981.0,14418.0,-2639.84,-15767.12,1192.16,-1001.6,-1876.08,1125.08,2716.6420401664996,1524.1896553906931,2841.496052152809,18.101933598375616,4755.311841887975,6029.831343711033,16512.459657021638,7152.289288270678,2025-11-25T15:18:29.531992,2025-11-25T15:18:32.196241,0
50,-12388.0,-19216.0,-6920.0,-1040.0,-5246.0,-8885.0,-3152.0,-4304.0,2956.0,-944.0,4085.0,11635.0,-7448.64,-13982.08,-2615.92,-1002.56,-639.24,45.96,2551.8163394727294,2444.6979350422826,2400.6451786134494,19.095716797229688,2048.951649600351,4442.862356454451,16576.604849509997,4191.791870336316,2025-11-25T15:18:32.196241,2025-11-25T15:18:34.850818,0
50,-8316.0,-17812.0,-9924.0,-1040.0,-8224.0,-9874.0,9000.0,-12320.0,7224.0,-960.0,8263.0,9256.0,-1630.72,-15080.16,-1884.4,-991.04,530.66,-131.14,5822.386284127841,1255.1158569630136,4281.978402561134,16.753459344266783,3852.1442320349324,4618.418590859863,16905.057151224824,5403.772682659662,2025-11-25T15:18:34.850818,2025-11-25T15:18:37.507640,0
50,-6376.0,-22524.0,-6156.0,-1024.0,-5378.0,-18423.0,7528.0,-14144.0,3636.0,-944.0,5337.0,7831.0,-1009.84,-16319.68,-2657.44,-990.08,-873.18,-2798.82,2831.470482699758,1427.5718887677776,2058.2353233777717,17.7130912039655,2483.3678236620526,5037.643713840827,16942.68273458702,5594.106552559608,2025-11-25T15:18:37.507640,2025-11-25T15:18:40.172459,0
50,-4652.0,-18912.0,-4668.0,-1024.0,-7555.0,-16203.0,3796.0,-12160.0,4860.0,-944.0,3623.0,9201.0,-1298.8,-16458.56,-1331.52,-978.56,-735.5,-949.98,2089.4691000347434,1295.3518774448894,2048.154156698172,19.81934408601859,2122.74033503865,5622.18934754069,16822.618487455402,5183.518832035011,2025-11-25T15:18:40.172459,2025-11-25T15:18:42.829346,0
50,-4956.0,-32768.0,-7196.0,-1008.0,-3283.0,-7240.0,3660.0,3576.0,6184.0,-944.0,4430.0,9624.0,-615.84,-16408.96,1453.2,-974.72,230.22,712.2,1964.4950838319753,4684.306433016525,3129.8365196923623,14.60827162945706,1630.084283587815,3644.7250760516904,17106.649700401056,3742.109663301088,2025-11-25T15:18:42.829346,2025-11-25T15:18:45.491017,0
50,-7424.0,-18120.0,-10100.0,-1008.0,-6278.0,-10104.0,12852.0,-13612.0,5668.0,-928.0,3178.0,10959.0,2716.96,-15986.0,2560.0,-965.12,-401.94,-1106.82,2663.4997199924765,1180.3533708174007,2236.3307089963237,18.77939296143515,1880.2599970216884,4849.079119544246,16761.76895096725,4725.785143639665,2025-11-25T15:18:45.491017,2025-11-25T15:18:48.142061,0
50,-7320.0,-19668.0,-4068.0,-992.0,-9336.0,-14315.0,11908.0,-8988.0,11572.0,-928.0,8195.0,12186.0,4825.68,-14748.32,3508.8,-961.6,-574.28,250.36,3472.5060543647724,2788.201982927349,3819.851473552342,18.172506706560874,3784.161043296123,6567.060452774895,16740.92324586235,6908.673074697192,2025-11-25T15:18:48.142061,2025-11-25T15:18:50.799484,0
50,2256.0,-23060.0,-2072.0,-1008.0,-8178.0,-14412.0,20168.0,-9284.0,8908.0,-928.0,4255.0,13381.0,8009.2,-14505.2,3339.04,-975.04,-1734.0,1649.36,3083.1495844347223,2969.8653168115216,3103.9856247089806,19.832256553403095,3286.853145487337,5471.351400741868,17465.901139354744,5987.765401344681,2025-11-25T15:18:50.799484,2025-11-25T15:18:53.455338,0
50,-8004.0,-23968.0,-7856.0,-1008.0,-9082.0,-30913.0,10204.0,-10624.0,8220.0,-944.0,8862.0,10815.0,3469.2,-16091.92,144.4,-977.28,-237.6,-3996.56,3712.20803296367,2668.0474346607857,3489.7516931724526,14.954651450301341,3996.1744556513045,10386.386746429192,17236.049419463772,8887.783417648192,2025-11-25T15:18:53.455338,2025-11-25T15:18:56.110542,0
50,-6820.0,-24656.0,-2784.0,-1040.0,-6581.0,-4132.0,3692.0,-11912.0,9752.0,-960.0,6758.0,15945.0,-2272.08,-15326.16,3044.72,-988.48,-83.82,5134.72,1901.5570024587746,2645.6375213547303,3879.6831779927597,17.899988826812155,3116.621290371995,4360.577769241136,16445.912800564172,6573.721400619382,2025-11-25T15:18:56.110542,2025-11-25T15:18:58.813280,0
50,-5496.0,-20188.0,-6440.0,-1040.0,-4717.0,-6143.0,1276.0,-11788.0,5064.0,-944.0,3232.0,10756.0,-1983.84,-16385.52,322.48,-988.16,123.76,1379.3,1524.5342811494925,1615.5975518674197,1916.423149933229,19.348757066023648,1844.0567839413188,3795.040860122589,16692.760150322087,3847.7953251656913,2025-11-25T15:18:58.813280,2025-11-25T15:19:01.428183,0
50,-13712.0,-18504.0,-5968.0,-1024.0,-6376.0,-14313.0,144.0,-10408.0,2612.0,-944.0,2940.0,15169.0,-7077.52,-14456.24,-974.08,-989.44,-612.38,469.04,3657.023567000902,1858.07683974587,2212.6776885936188,17.339157995704404,1774.2826368986425,5376.525037456814,16742.958390689353,4742.475778198394,2025-11-25T15:19:01.428183,2025-11-25T15:19:04.086079,0
50,-17404.0,-18400.0,-4312.0,-1040.0,-6677.0,-6889.0,-5476.0,-5216.0,468.0,-944.0,3169.0,5678.0,-10954.72,-11232.4,-1587.36,-986.88,-706.14,-317.18,3120.130709056914,3684.5505994625723,900.1576253079235,17.655186206891162,2234.0756210119657,2352.125801822683,16487.91843000321,2972.799290018559,2025-11-25T15:19:04.086079,2025-11-25T15:19:06.748262,0
50,-17088.0,-9376.0,-8032.0,-1008.0,-8374.0,-9312.0,-10948.0,1868.0,3164.0,-944.0,6031.0,16706.0,-15025.52,-5693.52,-1291.2,-976.96,-369.44,-183.22,1098.8313472048383,1605.6340584329917,1417.6514663343737,17.353915984584,2819.3921767643465,3547.3014886812202,16257.756229057934,3434.1119072439074,2025-11-25T15:19:06.748262,2025-11-25T15:19:09.405142,0
50,-17068.0,-7320.0,-4160.0,-1008.0,-5023.0,-5559.0,-13520.0,-3432.0,276.0,-928.0,5951.0,6585.0,-15090.08,-5694.72,-2002.0,-967.04,-323.18,-59.18,730.0298032272381,947.8002962649886,806.4588272193441,17.28,1917.2502151779772,2208.9732518978135,16300.796743401961,2635.028105748541,2025-11-25T15:19:09.405142,2025-11-25T15:19:12.060252,0
50,-17792.0,-8604.0,-5264.0,-992.0,-6138.0,-9508.0,-12084.0,-4020.0,136.0,-912.0,4345.0,7097.0,-14919.92,-6421.28,-2138.16,-961.92,-1246.92,-575.86,895.0997227125031,852.7311191694602,1136.7873919075632,18.833841881039568,2021.609307853523,2612.6601846394033,16446.900324416012,3153.6001713021897,2025-11-25T15:19:12.060252,2025-11-25T15:19:14.722855,0
50,-19392.0,-19144.0,-10912.0,-976.0,-8545.0,-9613.0,5444.0,-2548.0,2780.0,-912.0,18474.0,18181.0,-10439.04,-9236.72,-2350.56,-952.64,1484.9,896.72,6634.927342360276,5113.122423881517,2688.7697421683397,16.382624942297863,5635.965423066398,5482.281313613887,16500.734330225754,6487.683079895725,2025-11-25T15:19:14.722855,2025-11-25T15:19:17.378210,0
50,-15232.0,-32768.0,-18584.0,-1024.0,-14992.0,-32768.0,25996.0,-11428.0,18648.0,-912.0,14975.0,13317.0,-2155.76,-15977.44,-729.36,-950.4,-801.98,-763.02,6354.373280064683,2909.206655842792,4903.064877237502,20.489997559785117,4022.516732047239,6848.857643403022,17670.49796078104,5699.642613071723,2025-11-25T15:19:17.378210,2025-11-25T15:19:20.031746,0
50,-10108.0,-20576.0,-8564.0,-1024.0,-7555.0,-13829.0,624.0,-2888.0,-116.0,-912.0,5688.0,23996.0,-5139.28,-15088.08,-3926.08,-969.28,-196.52,539.8,1990.5012337599794,2747.877084878434,2033.775010565328,29.344191929579523,2451.8210802585086,6568.91486015765,16714.439184329003,5082.163692651748,2025-11-25T15:19:20.031746,2025-11-25T15:19:22.697557,0
50,-11904.0,-19132.0,-7764.0,-1008.0,-9270.0,-6907.0,-3692.0,-10852.0,-968.0,-928.0,7687.0,6714.0,-8261.84,-13764.8,-4681.28,-972.48,-288.54,139.92,1711.019571600512,1594.7323286370035,1336.828830329448,20.058155448594967,3786.2018604929135,2783.4811286588597,16860.24566813891,4032.9631763445545,2025-11-25T15:19:22.697557,2025-11-25T15:19:25.352585,0
50,-15220.0,-24084.0,-9824.0,-992.0,-9107.0,-16139.0,1648.0,-5776.0,4940.0,-896.0,12938.0,16248.0,-6598.8,-14637.76,-1555.36,-956.8,-248.1,-2.06,3988.2468328828395,3762.6836516507738,3165.6536118785957,17.527121840165314,3939.8448560825336,6104.159288255836,17085.258655719874,6144.94899519911,2025-11-25T15:19:25.352585,2025-11-25T15:19:28.007390,0
50,-15316.0,-12420.0,-5912.0,-992.0,-4831.0,-4306.0,-10192.0,-6300.0,-2396.0,-912.0,5585.0,3331.0,-12719.04,-9342.72,-3937.04,-944.64,-991.92,-508.34,1244.889600888368,1881.5951428508738,803.9290754786767,18.92063423884094,1796.1406497265184,1738.6543947547482,16427.06825763349,2540.1843682373424,2025-11-25T15:19:28.007390,2025-11-25T15:19:30.662401,0
50,-17472.0,-9436.0,-7808.0,-976.0,-4705.0,-3602.0,-12540.0,-5828.0,-2044.0,-912.0,3949.0,6143.0,-14381.44,-7390.4,-4184.24,-944.32,-828.94,-405.28,867.4294013924131,785.1224617854211,888.430313755671,18.24,1617.2213133643768,2053.0533947269855,16736.805660737387,2497.2217038280887,2025-11-25T15:19:30.662401,2025-11-25T15:19:33.328328,0
50,-18944.0,-15556.0,-8188.0,-992.0,-16971.0,-11621.0,2960.0,2688.0,3524.0,-896.0,10656.0,13853.0,-11917.44,-9878.8,-3532.96,-944.0,-752.3,-104.64,3364.6610299404606,3437.029065923068,2207.645415006676,19.983993594874875,4493.084709862479,4978.7066624174595,16536.13040800334,5580.672690188279,2025-11-25T15:19:33.328328,2025-11-25T15:19:35.991726,0
50,-15644.0,-27260.0,-10396.0,-960.0,-12097.0,-14407.0,3424.0,-6108.0,6668.0,-896.0,13909.0,18114.0,-3781.2,-15486.08,789.68,-935.36,1749.5,6960.32,4251.056772145016,3655.0280756240436,3222.1604766988253,14.737381042776901,5263.341787305856,6972.172732914754,16796.019025280704,10397.463181374742,2025-11-25T15:19:35.991726,2025-11-25T15:19:38.640254,0
50,-20820.0,-21032.0,-4972.0,-976.0,-9992.0,-11906.0,-5412.0,-8412.0,4884.0,-880.0,11131.0,9561.0,-11157.68,-11841.36,-1586.8,-931.84,-951.64,297.64,2209.1413122749755,2113.9600919601107,1984.5191659442344,19.61158841093704,4210.8544442191305,4315.381493031641,16669.932944679487,5480.3906543163,2025-11-25T15:19:38.640254,2025-11-25T15:19:41.316108,0
50,-12668.0,-17752.0,-6516.0,-960.0,-5295.0,-4157.0,7672.0,-8148.0,13944.0,-896.0,11652.0,13620.0,-1992.32,-12865.04,2655.12,-927.04,2761.08,1394.2,6668.218489041882,2900.4145149271335,6757.018811990981,17.353915984584,4336.684202659908,4148.011629684758,16527.87531745469,5387.43917434478,2025-11-25T15:19:41.316108,2025-11-25T15:19:43.971149,0
50,-11516.0,-23776.0,-4680.0,-976.0,-15234.0,-8268.0,7460.0,-4992.0,16388.0,-896.0,5269.0,20527.0,1535.6,-12309.6,6132.16,-935.04,-4253.98,5101.8,4968.104684887387,4443.197335253072,6556.868567723468,17.573798678714855,6099.036686198895,6223.164812215727,16589.7631609614,9383.144720212056,2025-11-25T15:19:43.971149,2025-11-25T15:19:46.634858,0
50,-17672.0,-32768.0,-27348.0,-1008.0,-28440.0,-17084.0,15752.0,20488.0,30072.0,-912.0,23966.0,32767.0,1369.36,-13826.48,2764.64,-952.0,2175.54,8359.3,7023.470759560404,7337.723544097311,8114.638480573241,21.762352813976708,10228.154588604926,12728.972354828964,18116.50300509546,15992.134422422394,2025-11-25T15:19:46.634858,2025-11-25T15:19:49.305436,0
50,-17044.0,-23624.0,-22060.0,-1056.0,-16829.0,-12650.0,3952.0,760.0,14092.0,-912.0,15455.0,18614.0,-7355.36,-11065.84,-3845.44,-964.8,-3248.36,1354.38,4260.757969000351,5023.754211185097,8246.755357496668,26.629307163349182,7435.3195351914765,6642.749306996313,17078.879015673927,9448.730135965272,2025-11-25T15:19:49.305436,2025-11-25T15:19:51.946757,0
50,-12284.0,-7480.0,-16048.0,-1056.0,-7497.0,-9010.0,-5432.0,-1804.0,-7660.0,-960.0,6356.0,5908.0,-9767.2,-5521.76,-12611.68,-1021.12,-826.22,-1150.86,1740.1596248620413,1061.720915495216,1933.3239091264556,22.09854293839302,2709.0363917083137,2988.1463485579147,17086.678181174404,3687.3427490536556,2025-11-25T15:19:51.946757,2025-11-25T15:19:54.601830,0
50,-20284.0,-6580.0,-15200.0,-1056.0,-10727.0,-10298.0,-4336.0,14848.0,-2912.0,-960.0,5525.0,5257.0,-11053.12,5603.92,-8919.28,-993.92,-2333.42,-1347.44,3247.1273744034124,6317.593490689314,2724.7122346405686,19.632462912227798,4342.79832407631,3769.4285517038256,16931.04874825923,5660.104111151282,2025-11-25T15:19:54.601830,2025-11-25T15:19:57.262868,0
50,-15440.0,-144.0,-21740.0,-1040.0,-18320.0,-19537.0,-3932.0,13684.0,548.0,-960.0,22778.0,13874.0,-9998.16,8123.44,-7846.8,-998.72,667.5,-154.9,2547.096255424989,3692.401452496735,5929.617120860335,19.749470878988124,9215.022103608868,6387.162650974218,16659.98317306426,9348.269194714649,2025-11-25T15:19:57.262868,2025-11-25T15:19:59.917544,0
50,-19936.0,-6724.0,-16304.0,-1056.0,-13712.0,-11984.0,-5716.0,14648.0,-392.0,-960.0,19114.0,9440.0,-10610.56,7789.52,-5831.52,-1002.24,1460.42,207.16,2921.341583314077,6869.261102156475,3881.6735063114206,18.866435805419105,7573.430348501265,4281.617523133051,16539.13957311642,7271.89378259019,2025-11-25T15:19:59.917544,2025-11-25T15:20:02.574393,0
50,-17036.0,-6020.0,-12252.0,-1024.0,-13371.0,-13519.0,-3680.0,16144.0,4028.0,-960.0,6853.0,13578.0,-11284.08,1316.32,-8247.92,-992.64,-2362.82,-701.44,2983.7225061322306,7525.204107371441,3987.0804548692017,14.296517058360752,5476.28016701118,4696.596691903617,16613.21905223549,6240.644796347402,2025-11-25T15:20:02.574393,2025-11-25T15:20:05.236428,0
50,-19808.0,-19040.0,-13560.0,-1024.0,-17025.0,-24146.0,22628.0,5940.0,32767.0,-960.0,25510.0,25585.0,-895.44,-6785.12,25.5,-996.16,2585.78,-1741.2,11981.144600012138,6689.129188885501,9316.261001603594,17.17598323240914,10256.204493456631,10386.39222637004,17260.52349412056,12895.166508589924,2025-11-25T15:20:05.236428,2025-11-25T15:20:07.959048,0
50,-12588.0,-19328.0,-3872.0,-1040.0,-7285.0,-2105.0,2756.0,-9780.0,5376.0,-976.0,9074.0,26334.0,-2845.6,-15912.24,494.24,-1008.32,229.0,7657.0,3880.329635482017,2119.4259464298348,2001.0698194715746,15.835959080523036,3978.8976815193428,6243.563421636718,16792.640753488933,9041.554171992979,2025-11-25T15:20:07.959048,2025-11-25T15:20:10.544334,0
50,-11652.0,-32768.0,-4152.0,-1040.0,-11127.0,-13836.0,6700.0,-7428.0,9928.0,-976.0,14301.0,24024.0,-595.6,-16600.72,1086.64,-1009.6,256.26,7979.8,3947.782628261085,3942.4666950527308,2505.8627716616884,15.429841217588727,4646.382110029264,9558.324884622829,17275.050307837944,11752.517055138225,2025-11-25T15:20:10.544334,2025-11-25T15:20:13.204289,0
50,-17876.0,-32768.0,-12364.0,-1072.0,-22390.0,-22616.0,32767.0,12604.0,16552.0,-992.0,10952.0,32767.0,-41.62,-15001.6,2430.08,-1029.44,-708.82,9307.28,7899.027036008929,11648.678524193205,5144.701118004816,17.70441752783751,6774.034944373995,13226.066765353939,19378.45168920846,15473.689933487673,2025-11-25T15:20:13.204289,2025-11-25T15:20:15.869128,0
50,-9136.0,-32768.0,-8112.0,-1072.0,-12626.0,-9822.0,11184.0,5672.0,25564.0,-1008.0,11568.0,31223.0,1769.2,-15690.96,3540.8,-1043.84,-604.22,8571.64,4214.10919649693,9755.880698245546,6649.004785680335,15.532366207374844,4731.33247738943,10046.354000850259,18302.712795128064,11833.38202629396,2025-11-25T15:20:15.869128,2025-11-25T15:20:18.522417,0
50,-6532.0,-23536.0,-1348.0,-1072.0,-12316.0,-6912.0,11844.0,-4620.0,12248.0,-1008.0,11632.0,17558.0,5726.8,-12338.16,5931.6,-1044.16,-216.22,3059.48,4643.737615326689,5107.425822701686,4813.441995080028,16.56907963647951,5467.846985020704,5340.187724190976,16757.58116499377,7069.417731352467,2025-11-25T15:20:18.522417,2025-11-25T15:20:21.180034,0
50,-24108.0,-25760.0,-10376.0,-1104.0,-17399.0,-18530.0,7992.0,4436.0,11244.0,-1008.0,13921.0,18523.0,-8099.52,-7339.52,1076.56,-1052.16,-1955.26,960.66,9127.336404975988,8083.926793928802,4841.351745783402,19.87094361121283,8176.336966661783,8661.725021287619,16720.5210874647,10698.148646540747,2025-11-25T15:20:21.180034,2025-11-25T15:20:23.842903,0
50,-9860.0,-24612.0,-4952.0,-1104.0,-8989.0,-22296.0,11756.0,-10412.0,10188.0,-1024.0,9383.0,32767.0,1996.0,-16207.6,621.68,-1062.72,-1011.06,7606.16,4485.960606157838,2597.4674742910643,2659.5810906231077,17.84269038009683,4066.065225300745,11462.164194182527,17154.794166304495,11798.842504015724,2025-11-25T15:20:23.842903,2025-11-25T15:20:26.495378,0
50,-2824.0,-21440.0,-5012.0,-1104.0,-5675.0,-26571.0,10052.0,-12980.0,5712.0,-1024.0,9424.0,9861.0,3025.84,-15747.36,2848.64,-1060.16,80.06,-5031.3,2681.801330151061,1694.8304193635422,2279.3355326498117,20.44246560471608,2542.9373284451976,7163.189410451186,16647.226991627023,7448.967437252946,2025-11-25T15:20:26.495378,2025-11-25T15:20:29.155656,0
50,-1488.0,-23796.0,-960.0,-1088.0,-5224.0,-18968.0,8324.0,-9912.0,6344.0,-1024.0,4602.0,13728.0,2243.52,-15967.28,1794.08,-1052.16,-368.18,-1538.02,2063.150932336265,2217.779024519801,1708.6058391565914,15.85857496750575,2424.4754953597694,7533.287108533697,16442.501035144604,7196.951267134422,2025-11-25T15:20:29.155656,2025-11-25T15:20:31.815728,0
50,-8512.0,-26188.0,-3832.0,-1104.0,-9179.0,-9120.0,7452.0,-9156.0,4460.0,-1008.0,11575.0,32767.0,1070.0,-16553.6,37.36,-1049.28,-620.2,8717.08,3168.4910982989995,2504.269122917902,2255.717090062493,20.00703876139595,3933.9899491483197,8614.313838815022,17038.11446777852,10767.451492631137,2025-11-25T15:20:31.815728,2025-11-25T15:20:34.474618,0
50,-1756.0,-26520.0,-5008.0,-1088.0,-12931.0,-4095.0,9828.0,-10752.0,5696.0,-1008.0,4667.0,28169.0,2826.64,-16248.96,944.64,-1045.44,-973.06,7633.52,2743.2449818417604,2763.3012789777376,2726.840616977824,15.215991587799987,3160.202502435564,7679.976180275561,16977.579278613808,9263.895596718465,2025-11-25T15:20:34.474618,2025-11-25T15:20:37.129453,0
50,-7856.0,-26668.0,-5688.0,-1088.0,-8762.0,-23792.0,7832.0,-7500.0,9056.0,-992.0,10037.0,9875.0,1657.84,-16222.56,2262.48,-1038.4,83.5,-6984.26,3620.0963708719137,3807.808546447681,3125.4206132295217,19.790907002964772,3988.624571202459,7141.155379376645,17167.690819475196,9367.432228170423,2025-11-25T15:20:37.129453,2025-11-25T15:20:40.947813,0
50,-8240.0,-26824.0,-3860.0,-1072.0,-11836.0,-7264.0,7716.0,15736.0,8936.0,-992.0,7420.0,18841.0,-266.4,-15289.36,3212.4,-1042.24,-478.66,4758.42,4300.754464044652,5567.236879314549,2620.060732120536,17.819719414177094,4284.596576621888,6391.198404337015,17035.40218842593,7677.017047863263,2025-11-25T15:20:40.947813,2025-11-25T15:20:43.602422,0
50,-14420.0,-23924.0,-3488.0,-1072.0,-5621.0,-2621.0,5620.0,-6496.0,7120.0,-992.0,14420.0,21922.0,-5720.32,-13688.0,594.56,-1033.6,426.5,5201.0,6578.493485411383,3865.0342301200903,3481.277812298237,18.38260046892169,3054.565031227851,5386.256120906246,16917.688575595796,6467.083565474169,2025-11-25T15:20:43.602422,2025-11-25T15:20:46.266409,0
50,-14932.0,-8660.0,-3980.0,-1072.0,-847.0,-1375.0,-13156.0,-7424.0,-2532.0,-992.0,270.0,2472.0,-13914.56,-8103.52,-3078.88,-1029.44,-183.38,-34.48,367.96935524578674,282.3123263337965,313.22124065905876,16.814469958937153,289.65875716090477,587.3276850277024,16399.32420382615,1206.3731268491188,2025-11-25T15:20:46.266409,2025-11-25T15:20:48.921651,0
50,-14180.0,-21916.0,-3564.0,-1056.0,-4866.0,-7092.0,11600.0,-7620.0,8568.0,-976.0,9689.0,20218.0,-6087.36,-12219.2,531.92,-1012.8,379.12,3017.42,8003.020524177106,3877.1355199425257,3836.993947558427,15.429841217588727,3074.346542860775,5791.934868729102,16661.405913727904,5287.998115867974,2025-11-25T15:20:48.921651,2025-11-25T15:20:51.575959,0
50,-8508.0,-24124.0,-1336.0,-1056.0,-8191.0,-7542.0,3744.0,-11084.0,12768.0,-976.0,7227.0,18580.0,-2121.76,-15631.84,2581.44,-1011.84,505.9,5099.1,2979.5042981006086,2698.202774885535,2649.643811231993,18.259638550639494,3925.463102616047,5593.506289439568,16435.972559360114,7475.885746325092,2025-11-25T15:20:51.575959,2025-11-25T15:20:54.235819,0
50,-5096.0,-23652.0,-7664.0,-1072.0,-11714.0,-18343.0,10988.0,-6824.0,4748.0,-992.0,9425.0,30453.0,2985.28,-16140.96,469.84,-1029.44,-2262.62,5261.9,3948.152008421155,4432.716011476486,2269.8869342766834,15.874709446159951,5425.663041103824,11765.736524756961,17043.7534275136,12043.092283930719,2025-11-25T15:20:54.235819,2025-11-25T15:20:56.897644,0
50,-3292.0,-17736.0,-368.0,-1056.0,-4692.0,-28575.0,11976.0,-6732.0,16824.0,-976.0,12297.0,6195.0,4464.88,-12667.28,7341.68,-1016.64,2848.56,-7250.02,3649.6139666545555,3098.86820010145,4659.861703698942,18.440997803806603,4580.035651214956,9475.961182887992,16646.459042685103,10693.21070597921,2025-11-25T15:20:56.897644,2025-11-25T15:20:59.557471,0
50,-9952.0,-26440.0,16.0,-1040.0,-13098.0,-7985.0,11680.0,-8660.0,14940.0,-992.0,7284.0,13535.0,2765.84,-13877.92,7113.68,-1019.84,-1036.86,2238.82,3993.447209416947,3508.4134980928347,3007.4378293823465,13.878559003008922,3895.1072745689557,4484.524851932477,16603.12264825505,5759.841673929074,2025-11-25T15:20:59.557471,2025-11-25T15:21:02.216824,0
50,-5112.0,-26624.0,-5668.0,-1056.0,-17180.0,-17953.0,7124.0,-9864.0,7292.0,-992.0,5951.0,5263.0,1927.52,-16034.56,3007.04,-1024.64,-537.38,-1961.14,2474.823324926448,2470.7939789468487,2291.9408802148455,16.304306179656955,4334.0808662967975,4410.443583178454,16801.459644632265,5353.121726911076,2025-11-25T15:21:02.216824,2025-11-25T15:21:04.872802,0
50,-16324.0,-18128.0,-1188.0,-1056.0,-7303.0,-15482.0,4304.0,-5024.0,5296.0,-976.0,2959.0,15180.0,-5486.32,-12989.84,2976.24,-1013.76,-1275.56,2083.76,6426.3803355855,3547.150311785504,1224.5299271148908,20.925161887067922,1778.736249813333,5640.192512884644,16143.241582863158,5479.922061361788,2025-11-25T15:21:04.872802,2025-11-25T15:21:07.528236,0
50,-13496.0,-17852.0,-4056.0,-1040.0,-6613.0,-15511.0,1900.0,-9860.0,7600.0,-960.0,20248.0,17132.0,-7119.12,-14306.08,813.84,-1002.56,-647.58,-1006.48,3710.725150910533,2473.6261628629336,1855.4066655048969,18.82568458250589,3966.364118887725,5846.75424227836,16648.805510745242,6029.938273349905,2025-11-25T15:21:07.528236,2025-11-25T15:21:10.184031,0
50,-14604.0,-16816.0,-1024.0,-1040.0,-5777.0,-9666.0,-2812.0,-7332.0,3204.0,-960.0,6447.0,10858.0,-10631.04,-11555.44,1006.32,-995.52,-231.46,-228.62,2808.362547535485,2879.3284783782487,922.0252803475619,19.801252485638376,3058.3675920987653,4581.178376313239,16237.787773396332,4734.309139856677,2025-11-25T15:21:10.184031,2025-11-25T15:21:12.862300,0
50,-15472.0,-18252.0,-3532.0,-1024.0,-11861.0,-17316.0,-1044.0,-7176.0,5932.0,-944.0,9664.0,13083.0,-8328.88,-12946.24,1730.4,-990.72,735.8,659.02,4259.648307736215,3522.23748523577,2300.582187186539,22.36339866835987,4047.867077857177,6494.383214717161,16542.517230883037,6899.654848064508,2025-11-25T15:21:12.862300,2025-11-25T15:21:15.501332,0
50,-12520.0,-17032.0,-1344.0,-1024.0,-6186.0,-8836.0,84.0,-10104.0,6352.0,-944.0,2487.0,5039.0,-6164.64,-14141.84,2635.52,-973.44,-1591.52,-1682.12,3993.7876846923145,1960.3869348677063,1868.894285292777,17.92,2206.9620317531517,3031.757540701433,16361.961356688604,4097.389486757351,2025-11-25T15:21:15.501332,2025-11-25T15:21:18.158404,0
50,-14784.0,-10100.0,180.0,-1008.0,-1179.0,-3540.0,-11872.0,-8136.0,2660.0,-928.0,590.0,1529.0,-13168.56,-9095.36,1799.68,-970.56,-350.62,-387.72,504.269140836518,380.2494844177964,476.39233579057503,19.095716797229688,348.0313141083716,911.2501311934062,16117.695333952399,1383.2061177717933,2025-11-25T15:21:18.158404,2025-11-25T15:21:20.818081,0
50,-13728.0,-9400.0,1684.0,-1008.0,-574.0,-1714.0,-12776.0,-8600.0,3272.0,-928.0,456.0,721.0,-13232.56,-8849.2,2339.6,-958.08,-183.86,-300.42,239.75455449271448,150.36222929978126,403.1184441327387,17.7130912039655,198.14570497489973,456.60933367595544,16096.062599373072,1118.61776012284,2025-11-25T15:21:20.818081,2025-11-25T15:21:23.474242,0
50,-13896.0,-9800.0,2652.0,-976.0,-740.0,-2582.0,-11012.0,-7880.0,4128.0,-896.0,816.0,1241.0,-12795.2,-8954.24,3528.16,-945.6,-198.08,-285.62,481.25369608970277,305.1160146567204,394.7535616052121,16.39512122553536,254.11932944976854,629.9353900202782,16018.236582123018,1174.2398922921693,2025-11-25T15:21:23.474242,2025-11-25T15:21:26.129222,0
50,-13064.0,-9324.0,3152.0,-976.0,-594.0,-1073.0,-12316.0,-8728.0,3924.0,-896.0,-24.0,1354.0,-12746.24,-8993.68,3606.24,-939.52,-303.76,-155.52,187.58449402869098,145.47486930738245,163.2904847197166,16.94489893743837,133.10199998497393,393.7135628855069,16012.785778088992,1074.5268854635701,2025-11-25T15:21:26.129222,2025-11-25T15:21:28.793904,0
50,-14512.0,-21052.0,-276.0,-976.0,-4681.0,-8083.0,5000.0,-8528.0,7780.0,-896.0,10532.0,16878.0,-10026.88,-10819.68,3677.36,-935.04,1183.74,1174.58,4855.094481634729,3248.0745646613473,1242.3148998543002,18.4271104625766,3272.027951041983,4159.939764419672,16285.601254038922,3594.964514732727,2025-11-25T15:21:28.793904,2025-11-25T15:21:31.447047,0
50,-6756.0,-16956.0,-680.0,-976.0,-7851.0,-4041.0,-628.0,-13512.0,4628.0,-896.0,1172.0,3924.0,-5261.76,-15382.32,1540.08,-935.36,-1171.42,-471.7,1385.3346535765284,592.0541002307137,769.9045094036013,18.9881647349079,2243.9745193740505,1746.6199958777524,16409.51947708714,2605.2244275200496,2025-11-25T15:21:31.447047,2025-11-25T15:21:34.102061,0
50,-5800.0,-16804.0,424.0,-960.0,-2267.0,-5121.0,-1448.0,-12900.0,5176.0,-864.0,3593.0,3448.0,-3453.44,-15700.48,2664.0,-916.48,28.84,97.94,940.3535539359651,647.9094455246042,1218.9758324101426,19.47535879001976,1693.2841741420723,1673.2829696139263,16369.938021321745,2341.6244183600234,2025-11-25T15:21:34.102061,2025-11-25T15:21:36.810664,0
50,-13056.0,-16672.0,-2128.0,-960.0,-10168.0,-10489.0,-1468.0,-10552.0,4556.0,-880.0,1161.0,3105.0,-9425.12,-12830.88,253.04,-912.0,-1314.08,-1003.48,3160.456882414313,1826.3101230623456,1648.893119155999,15.67673435381234,2642.338576640019,2078.982445717135,16404.173443600524,2631.485647353855,2025-11-25T15:21:36.810664,2025-11-25T15:21:39.416484,0
50,-11796.0,-12016.0,-460.0,-944.0,-710.0,-1059.0,-10920.0,-11200.0,528.0,-864.0,113.0,498.0,-11395.6,-11683.68,-6.88,-905.28,-253.6,-150.8,217.7797052068902,183.2992569543041,205.10140321314236,17.84269038009683,193.9956700547721,316.7026365535974,16323.451720300673,1017.2180802006255,2025-11-25T15:21:39.416484,2025-11-25T15:21:42.075347,0
50,-12024.0,-12104.0,-400.0,-928.0,-789.0,-980.0,-10976.0,-11040.0,560.0,-864.0,24.0,479.0,-11570.16,-11519.36,99.84,-897.92,-286.4,-178.08,226.57831846847128,230.64203953312588,219.46401618488622,17.125232845132356,190.87985750204237,275.7817136794969,16330.447685603329,1010.3174494425069,2025-11-25T15:21:42.075347,2025-11-25T15:21:44.736587,0
50,-12008.0,-11884.0,-56.0,-944.0,-525.0,-1232.0,-11144.0,-11140.0,1424.0,-848.0,300.0,243.0,-11500.88,-11460.56,749.52,-896.32,-188.38,-346.86,177.6815848646111,159.81190944357056,438.78442269524567,21.344263866434936,171.20816452494316,346.30466413261024,16260.224819262714,1044.9273499519045,2025-11-25T15:21:44.736587,2025-11-25T15:21:47.391551,0
50,-12052.0,-12096.0,284.0,-912.0,-602.0,-1582.0,-10788.0,-11104.0,1440.0,-848.0,174.0,712.0,-11270.8,-11690.48,903.6,-883.84,-293.92,-123.04,244.41178367664682,209.41196145397234,204.05058196437471,16.79923807796056,132.8231666540141,338.7002781221179,16267.566735746652,998.278157308187,2025-11-25T15:21:47.391551,2025-11-25T15:21:50.046267,0
50,-12080.0,-14184.0,-532.0,-912.0,-3761.0,-6288.0,-8060.0,-10292.0,3228.0,-848.0,3900.0,4410.0,-10811.44,-12178.64,969.36,-878.08,-31.02,-115.74,773.3401880155977,674.6398671884133,789.8218978985072,16.516464512721843,1299.6013156349143,1820.831807828499,16358.75563289649,1973.693715081544,2025-11-25T15:21:50.046267,2025-11-25T15:21:52.710323,0
50,-13000.0,-12312.0,-16.0,-912.0,-1869.0,-8130.0,-7964.0,-8056.0,8508.0,-832.0,4198.0,2697.0,-10883.28,-10408.0,4605.2,-869.12,410.98,-1259.44,963.4081801604136,1014.7343297632144,2724.879065206381,19.050081364655636,1341.3307942487565,2090.522950460004,16018.331298082374,2468.7328883181467,2025-11-25T15:21:52.710323,2025-11-25T15:21:55.365064,0
50,-10544.0,-10024.0,7412.0,-896.0,-1329.0,-1304.0,-9204.0,-8260.0,8660.0,-816.0,153.0,1402.0,-9865.36,-9517.36,7820.08,-857.28,-300.58,21.16,244.30487183026048,380.579440327509,286.8170036800468,19.223985018720754,243.39187250193874,437.14219013954715,15788.886864828737,1019.5570039643718,2025-11-25T15:21:55.365064,2025-11-25T15:21:58.019961,0
50,-10208.0,-10020.0,7448.0,-880.0,-500.0,-710.0,-9468.0,-9312.0,8240.0,-800.0,90.0,751.0,-9796.24,-9632.8,7852.08,-850.24,-252.16,-174.24,154.87059888823313,145.15536504035944,179.4899261797163,15.349996742670664,132.39718426008915,253.59925551941197,15826.27858930171,945.6356391356018,2025-11-25T15:21:58.019961,2025-11-25T15:22:00.676162,0
50,-10664.0,-9896.0,7532.0,-896.0,-536.0,-569.0,-8856.0,-9328.0,8812.0,-784.0,264.0,403.0,-9696.48,-9570.08,8049.44,-836.8,-232.3,-187.24,267.06061034903666,127.71277774756918,222.3291397905367,21.996363335788033,146.73230728098022,197.1646580906426,15827.452501311593,920.5056734092842,2025-11-25T15:22:00.676162,2025-11-25T15:22:03.335854,0
50,-10092.0,-10796.0,7540.0,-864.0,-667.0,-1889.0,-8692.0,-8600.0,8652.0,-784.0,265.0,578.0,-9620.08,-9604.24,8089.92,-831.68,-273.36,-185.54,245.19248275589527,283.3947465991563,225.19430188173058,19.063514891016293,174.50441369776297,444.075048161907,15821.667577820575,991.4929109554213,2025-11-25T15:22:03.335854,2025-11-25T15:22:05.991041,0
50,-10024.0,-9948.0,7892.0,-864.0,-524.0,-1112.0,-9096.0,-9136.0,8520.0,-768.0,252.0,438.0,-9545.36,-9551.44,8191.76,-812.48,-248.9,-165.72,184.36765009079005,167.00277362966162,147.33778334154482,20.311809372874688,154.53132368552338,274.5061048501472,15795.363973396616,916.4365763606041,2025-11-25T15:22:05.991041,2025-11-25T15:22:08.645778,0
50,-10044.0,-9924.0,7832.0,-848.0,-546.0,-590.0,-9196.0,-9176.0,8516.0,-784.0,110.0,348.0,-9547.2,-9538.96,8192.48,-810.88,-248.64,-176.9,187.6848422222743,147.45805640927185,149.54146448393502,17.06533328124593,142.48505325120948,218.59105654166183,15789.38287003108,903.8155952798281,2025-11-25T15:22:08.645778,2025-11-25T15:22:11.306948,0
50,-10092.0,-9796.0,7968.0,-848.0,-638.0,-914.0,-9084.0,-9260.0,8676.0,-768.0,91.0,350.0,-9554.72,-9496.8,8271.28,-800.96,-273.12,-177.94,183.7292616868636,138.71178753083674,159.48655617323988,20.08876302812097,144.8556025840906,281.1895737754158,15809.530110549915,917.1555932522389,2025-11-25T15:22:11.306948,2025-11-25T15:22:13.961680,0
50,-10128.0,-10072.0,7828.0,-832.0,-1083.0,-821.0,-9184.0,-9108.0,8744.0,-752.0,143.0,479.0,-9594.4,-9492.8,8206.64,-792.96,-315.92,-178.08,217.22909565709654,170.81077249400872,209.75507240588962,18.147132004810015,240.97674908588172,290.7810062572863,15798.718344527637,941.2185334453602,2025-11-25T15:22:13.961680,2025-11-25T15:22:16.619540,0
50,-12816.0,-10164.0,4524.0,-816.0,-3603.0,-6949.0,-8756.0,-7772.0,9644.0,-736.0,742.0,2751.0,-11009.2,-9111.68,6577.04,-781.12,-947.54,-751.14,1207.777264233766,610.0370296957391,1412.322639625946,18.29605421942119,1154.1838191553372,1993.5298142741683,15845.47415292096,2241.909092809885,2025-11-25T15:22:16.619540,2025-11-25T15:22:19.282707,0
50,-16204.0,-11500.0,4272.0,-816.0,-4477.0,-3649.0,-8104.0,-6456.0,9224.0,-736.0,2539.0,12865.0,-11464.0,-9151.68,5942.32,-774.72,-179.1,547.68,1234.3414114417453,774.6932667836994,1028.7399951396853,19.749470878988124,1078.4714785287556,2993.524888421675,15895.953408333335,2178.340924539077,2025-11-25T15:22:19.282707,2025-11-25T15:22:21.939131,0
50,-12292.0,-9644.0,5100.0,-800.0,-1366.0,-7594.0,-10600.0,-7612.0,7904.0,-720.0,577.0,1293.0,-11508.16,-8770.32,6412.8,-763.52,-373.04,-572.32,420.0593938956728,543.3932439771404,866.5285223234143,16.94489893743837,328.5011999978082,1436.4518013494223,15861.425202996827,1348.0461524096186,2025-11-25T15:22:21.939131,2025-11-25T15:22:24.596140,0
50,-11964.0,-8864.0,6364.0,-800.0,-514.0,-919.0,-10688.0,-8144.0,7396.0,-720.0,208.0,1303.0,-11475.76,-8470.48,6854.08,-756.48,-230.32,-42.04,253.8956131956596,168.30427683217084,237.06234116788772,18.113243773548678,169.5041521615326,463.7417367457883,15828.231333634449,920.6710856088902,2025-11-25T15:22:24.596140,2025-11-25T15:22:27.254293,0
50,-11940.0,-8984.0,6744.0,-800.0,-546.0,-1583.0,-9780.0,-8008.0,7988.0,-704.0,631.0,1182.0,-11056.4,-8478.96,7353.2,-745.28,-120.78,-241.92,330.01648443676265,195.41923753817073,249.29243871405325,19.749470878988124,233.33069150885402,448.7021212341212,15758.94999823922,920.3126526898886,2025-11-25T15:22:27.254293,2025-11-25T15:22:29.909658,0
50,-11392.0,-8920.0,7252.0,-768.0,-1655.0,-779.0,-9088.0,-6148.0,8360.0,-704.0,33.0,6136.0,-10929.36,-8417.52,7545.52,-733.12,-300.96,21.6,394.2966274266114,370.8057302685599,184.07631460891432,18.573787981992258,240.90661759279257,969.8795801541551,15730.341295316792,994.5400705183976,2025-11-25T15:22:29.909658,2025-11-25T15:22:32.564346,0
50,-15656.0,-10900.0,2864.0,-768.0,-3496.0,-3862.0,-10336.0,-7556.0,6504.0,-688.0,761.0,7394.0,-12383.68,-9255.04,4314.08,-726.72,-479.3,202.88,775.9632321186359,518.5120619619181,595.160880434862,20.00703876139595,735.0861242058647,2003.372762518249,16068.477508208809,1637.7752916679342,2025-11-25T15:22:32.564346,2025-11-25T15:22:35.227287,0
50,-17980.0,-17052.0,-6440.0,-768.0,-14425.0,-17464.0,-3128.0,1256.0,9236.0,-704.0,13234.0,16503.0,-11241.52,-9915.12,1231.52,-728.0,149.18,643.9,3576.487563182626,4216.703796284486,4024.235749754231,15.429841217588727,6893.608261832115,8121.201923976524,16412.467783591343,9089.663075584529,2025-11-25T15:22:35.227287,2025-11-25T15:22:37.882053,0
50,-20192.0,-16880.0,-8768.0,-768.0,-13087.0,-10498.0,852.0,6644.0,8584.0,-688.0,4873.0,22455.0,-6655.36,-12751.04,2828.88,-733.44,-1242.88,1234.74,4471.389179035974,5653.6412937504265,3456.5517420689653,17.631970961863566,3794.00245988323,5291.242205040325,16555.88065292136,5152.472907859946,2025-11-25T15:22:37.882053,2025-11-25T15:22:40.540587,0
50,-17788.0,-13360.0,-10328.0,-784.0,-6508.0,-12723.0,-8888.0,8156.0,292.0,-688.0,13078.0,12849.0,-13006.24,-4967.12,-4477.84,-728.96,1480.9,-49.96,2280.3978824757755,7474.9208548050865,2248.0067202746527,20.02494444436738,4186.222728188265,6020.833384042445,16612.11782848358,6432.359582355592,2025-11-25T15:22:40.540587,2025-11-25T15:22:43.200001,0
50,-30864.0,-28860.0,-18884.0,-768.0,-30304.0,-32768.0,8388.0,9208.0,17060.0,-688.0,22241.0,32767.0,-13185.52,-9253.84,-2422.96,-728.32,-130.16,-1114.38,7766.146221234828,7522.483173420862,7420.885114216498,19.788319787187593,8881.268106210959,12496.759096485777,19637.049339579324,12114.869634219353,2025-11-25T15:22:43.200001,2025-11-25T15:22:45.854808,0
50,-23484.0,-10328.0,-10404.0,-752.0,-14194.0,-16761.0,-9792.0,748.0,4476.0,-688.0,17507.0,10152.0,-14942.24,-4993.92,-1665.44,-732.48,483.4,-1001.0,2304.019049921246,2474.289456308619,3395.670727028756,16.0925324296706,6454.280213935555,6163.905466504171,16326.159150502692,7849.951238373903,2025-11-25T15:22:45.854808,2025-11-25T15:22:48.510789,0
50,-17796.0,-11364.0,-1292.0,-768.0,-7068.0,-12130.0,-8188.0,-336.0,11416.0,-688.0,11879.0,14018.0,-13625.36,-5397.52,5094.24,-735.04,610.32,-422.3,1849.9018110159252,2938.3748313651204,2468.7173233077942,19.042016699919156,4246.189427898855,6281.954798468388,16032.419412839361,6586.676204597037,2025-11-25T15:22:48.510789,2025-11-25T15:22:51.165678,0
50,-14000.0,-15336.0,-2296.0,-768.0,-14119.0,-16348.0,-4768.0,-6780.0,9448.0,-688.0,6080.0,9995.0,-10245.36,-11875.44,2144.88,-733.76,-2614.48,-1274.52,1933.4082834207575,2060.8220511242594,2737.36308618349,16.003199680063982,3948.5445837168913,5154.717095011131,16236.531292182803,6274.374131606175,2025-11-25T15:22:51.165678,2025-11-25T15:22:53.827889,0
50,-13552.0,-12348.0,-908.0,-784.0,-3940.0,-4010.0,-9736.0,-9464.0,3124.0,-672.0,1615.0,2256.0,-12161.2,-10552.32,1346.32,-728.32,-244.88,-505.62,700.7955479310639,464.38524696635227,1049.4064120253888,22.454790134846508,1134.6306295883255,1251.3989274408061,16204.388526669427,1689.457703472771,2025-11-25T15:22:53.827889,2025-11-25T15:22:56.482798,0
50,-16048.0,-13200.0,-4416.0,-752.0,-2212.0,-2018.0,-9920.0,-4348.0,3068.0,-688.0,2130.0,13232.0,-12999.2,-9432.08,-367.68,-722.24,-163.9,896.64,1322.707768178595,2337.7776099535217,1956.543701939724,17.819719414177094,1008.5610591332585,2353.652912049693,16386.254346751928,2076.8361944277935,2025-11-25T15:22:56.482798,2025-11-25T15:22:59.141550,0
50,-15812.0,-13820.0,-3528.0,-752.0,-2245.0,-6750.0,-9716.0,-6216.0,132.0,-688.0,1422.0,3327.0,-13281.28,-9222.72,-2077.04,-723.2,-368.94,-573.56,1065.299789542831,1468.8850607178222,916.961525037992,18.93145530591877,702.7661463104209,1650.4417973379127,16388.928653241343,1666.280459162592,2025-11-25T15:22:59.141550,2025-11-25T15:23:01.810574,0
50,-13076.0,-12760.0,-1828.0,-768.0,-678.0,-5504.0,-9660.0,-9996.0,3264.0,-672.0,2566.0,2149.0,-11751.36,-11039.28,160.16,-714.24,351.6,-513.0,1120.3200571265338,917.9952731904451,1733.1523113679305,18.315632667205357,811.0674447911222,1311.1443398802437,16279.371869022343,1472.091386931129,2025-11-25T15:23:01.810574,2025-11-25T15:23:04.463462,0
50,-14556.0,-15524.0,-3988.0,-736.0,-3775.0,-2619.0,-6364.0,-10288.0,3700.0,-672.0,5406.0,18708.0,-10037.6,-12674.88,1425.52,-704.32,52.44,1096.06,1020.2860775292388,910.5360320163063,1889.600489415686,18.518574459174765,1675.0724898940941,3712.0455353349316,16360.497626496044,2648.82768897628,2025-11-25T15:23:04.463462,2025-11-25T15:23:07.127185,0
50,-9748.0,-16800.0,-1036.0,-736.0,-3591.0,-5820.0,-2276.0,-12464.0,4576.0,-672.0,3811.0,4127.0,-6620.88,-14801.76,973.36,-701.76,562.68,-341.2,2205.6366032508618,898.5343301176645,1643.284634626637,18.38538550044573,1719.8549524887267,2172.0542534660594,16493.344354540266,2537.1469505953028,2025-11-25T15:23:07.127185,2025-11-25T15:23:09.787264,0
50,-6984.0,-16696.0,980.0,-736.0,-6682.0,-1816.0,-1920.0,-14880.0,4732.0,-656.0,35.0,3222.0,-3149.04,-15759.44,3391.28,-697.6,-753.46,56.76,784.215811113242,319.8229610268781,687.2003213037666,19.726124809500725,1323.644577822914,959.4663425050406,16456.600852809348,1413.6272592226235,2025-11-25T15:23:09.787264,2025-11-25T15:23:12.445131,0
50,-11096.0,-16576.0,-2512.0,-736.0,-5822.0,-19802.0,-6152.0,-11724.0,4032.0,-656.0,1447.0,3852.0,-8938.4,-13151.76,2773.6,-687.04,-382.54,-905.0,785.784499719866,835.102833428315,1161.039258595505,19.309023797178355,992.9185104528972,3091.1451082082835,16214.309123624667,1899.60334841907,2025-11-25T15:23:12.445131,2025-11-25T15:23:15.101307,0
50,-12760.0,-19392.0,-2564.0,-736.0,-7863.0,-1181.0,-1572.0,-8640.0,9988.0,-640.0,11701.0,14820.0,-7428.08,-14347.68,2480.16,-691.52,2535.22,6106.9,2393.0368976678983,1970.1224067554788,2958.692247328201,16.71674609485949,4907.8656513396945,4526.378712613428,16795.189574264397,8236.073161466435,2025-11-25T15:23:15.101307,2025-11-25T15:23:17.764122,0
50,-17800.0,-22292.0,-3660.0,-736.0,-12473.0,-13464.0,-52.0,10536.0,6716.0,-656.0,13544.0,7626.0,-11673.84,-7973.36,582.24,-689.28,-4305.34,-1824.92,4592.027052881984,6748.066940272599,2568.1855584049995,20.698830884859174,5998.932890473105,4895.228402597779,16388.879221627303,8573.093736654228,2025-11-25T15:23:17.764122,2025-11-25T15:23:20.416885,0
50,-17724.0,-7448.0,-4060.0,-736.0,-8574.0,-3393.0,-13844.0,-300.0,572.0,-656.0,765.0,2896.0,-15448.8,-3998.24,-2020.64,-692.16,-2834.36,-363.12,874.8141745536591,2152.314052920716,1233.1143946933714,19.414798479510416,2242.965918243075,1470.5016101997305,16280.403774995739,3446.8068952199346,2025-11-25T15:23:20.416885,2025-11-25T15:23:23.076654,0
50,-17476.0,-14708.0,-5832.0,-720.0,-5427.0,-15148.0,-9028.0,-4740.0,5492.0,-640.0,3570.0,10035.0,-13826.24,-7798.48,-2012.48,-685.12,-239.8,-695.8,2008.0690282955911,2717.5659568076726,2858.15388137168,17.727537900114612,2217.7911173056855,4750.099552640976,16547.491021394722,4047.2854904483124,2025-11-25T15:23:23.076654,2025-11-25T15:23:25.736640,0
50,-14124.0,-15588.0,-4452.0,-720.0,-1757.0,-3157.0,-6748.0,-8520.0,2904.0,-640.0,6214.0,17327.0,-10984.72,-12102.32,89.36,-683.52,542.0,1443.84,1440.3954323726523,1198.300687473724,1541.9419672607655,16.94489893743837,1890.5589966991245,4101.580833581121,16490.377691144666,3099.7189843750884,2025-11-25T15:23:25.736640,2025-11-25T15:23:28.417798,0
50,-15912.0,-12304.0,-5788.0,-720.0,-8541.0,-15697.0,-6264.0,-6492.0,4296.0,-640.0,3894.0,10939.0,-12804.32,-9467.92,499.44,-683.2,-160.18,-690.36,1453.8634521852457,1306.1852830284072,1750.154829265114,17.6,2119.473903495865,4199.67490532303,16102.200722263995,3210.81725583608,2025-11-25T15:23:28.417798,2025-11-25T15:23:31.046552,0
50,-14496.0,-19092.0,-2100.0,-736.0,-7573.0,-10911.0,-660.0,-7996.0,3844.0,-656.0,6516.0,11713.0,-8227.76,-13347.68,700.64,-685.44,-965.7,-1707.0,4076.249131542379,3263.0610257241588,1319.7350909936433,17.339157995704404,2587.4612596133684,3956.3808866184763,16538.790982738024,4178.125285263165,2025-11-25T15:23:31.046552,2025-11-25T15:23:33.706572,0
50,-13784.0,-20748.0,-4880.0,-720.0,-7165.0,-8204.0,-1076.0,-6956.0,5628.0,-640.0,6265.0,12968.0,-5924.0,-14957.36,807.52,-677.12,1140.64,1459.74,2941.231197984953,2416.751884327392,1916.2850126220785,17.655186206891162,2686.8769362216794,3911.4897203495243,16453.16634934268,4446.39724544435,2025-11-25T15:23:33.706572,2025-11-25T15:23:36.363531,0
50,-9572.0,-16344.0,4380.0,-720.0,-2758.0,-5177.0,-2480.0,-11344.0,8044.0,-624.0,3721.0,4399.0,-6154.8,-13363.6,6178.48,-674.56,-368.96,-672.22,2034.2660199688733,1254.8015301233897,748.8465327421901,17.041314503288763,1759.6333136196301,2049.1673947240133,16137.543326390381,2612.4394250088862,2025-11-25T15:23:36.363531,2025-11-25T15:23:39.018517,0
50,-11420.0,-12704.0,4080.0,-704.0,-3179.0,-5825.0,-7056.0,-8048.0,7920.0,-624.0,1743.0,2323.0,-9185.2,-11468.96,6220.48,-671.04,-384.6,-327.64,1197.8878077683235,821.7972732979831,858.8567806101318,19.042016699919156,1046.8193158324889,1444.822726288592,16031.90680102638,1684.6674793387533,2025-11-25T15:23:39.018517,2025-11-25T15:23:41.680478,0
50,-11356.0,-11520.0,4852.0,-720.0,-1820.0,-3084.0,-8024.0,-10232.0,7488.0,-640.0,327.0,3168.0,-10119.76,-10863.2,5859.04,-673.28,-400.84,-171.88,585.7056789890295,269.74714085602466,604.5404522445127,17.48032036319701,485.44628374311407,860.5830265581584,15979.68968113241,1131.981295352051,2025-11-25T15:23:41.680478,2025-11-25T15:23:44.340177,0
50,-11304.0,-11464.0,4508.0,-704.0,-819.0,-2442.0,-8992.0,-10264.0,7416.0,-640.0,1005.0,1109.0,-10084.4,-10715.28,6050.0,-667.84,-74.82,-497.54,534.0443427282046,249.76237026421734,810.0726880965683,16.56907963647951,403.92032333122336,662.6673135141042,15939.400511273356,1079.0470998594344,2025-11-25T15:23:44.340177,2025-11-25T15:23:46.996405,0
50,-15408.0,-14708.0,-4832.0,-688.0,-7236.0,-6180.0,-3464.0,-7724.0,9616.0,-624.0,8393.0,9767.0,-10335.68,-10580.8,3293.76,-659.52,-1870.78,1548.6,2667.684040061716,1812.090593761802,4590.177558918609,16.0925324296706,3976.358541630772,4086.733380097116,16130.440905044863,5266.079507921049,2025-11-25T15:23:46.996405,2025-11-25T15:23:49.650417,0
50,-15256.0,-13032.0,-4532.0,-704.0,-4827.0,-6889.0,-9540.0,-7032.0,1220.0,-640.0,5337.0,11555.0,-12957.28,-9764.32,-1936.0,-670.08,-619.88,-407.92,1066.7013647689778,1278.8607029696393,1518.1190467153754,19.891545942937668,2470.37019606374,3153.2271205227194,16461.910160894276,3673.1247066761052,2025-11-25T15:23:49.650417,2025-11-25T15:23:52.315008,0
50,-15860.0,-22204.0,-5992.0,-720.0,-9607.0,-5453.0,8380.0,-8300.0,5868.0,-640.0,11468.0,23655.0,-5861.28,-14345.52,-1112.32,-670.08,819.74,2695.24,5853.183773093067,3272.3803094383757,1697.545492056104,19.103758792447103,3860.3831250796857,6416.887976457124,16885.13467575018,5829.402803539048,2025-11-25T15:23:52.315008,2025-11-25T15:23:54.968931,0
50,-4760.0,-21664.0,-4976.0,-704.0,-5228.0,-3357.0,5104.0,-11544.0,5896.0,-640.0,4795.0,26014.0,-530.96,-16123.84,2001.36,-672.32,-344.86,7871.1,2117.615233794846,1852.464211368198,2034.7978549231862,17.66968024611651,2372.095908769289,6617.002733111118,16512.202491234446,8720.060103177011,2025-11-25T15:23:54.968931,2025-11-25T15:23:57.623928,0
50,-10764.0,-20492.0,-4796.0,-720.0,-5661.0,-20586.0,7948.0,-11672.0,7944.0,-656.0,7444.0,17384.0,494.4,-16141.76,2592.16,-683.2,-674.76,-1334.02,3948.274762475378,1732.52096737673,2812.409410878864,16.079800993793423,2568.263043848897,8882.673612128276,17052.264580384934,8185.998632620158,2025-11-25T15:23:57.623928,2025-11-25T15:24:00.285911,0
50,-288.0,-17780.0,-3336.0,-720.0,-11672.0,-15209.0,7816.0,-13720.0,5856.0,-656.0,5331.0,7620.0,4297.76,-15976.64,951.44,-688.32,47.2,195.96,1987.9110096782501,936.9080586695794,2270.7543078017047,18.518574459174765,3763.4898219604634,5874.441733339433,16841.46418951865,6169.806854967838,2025-11-25T15:24:00.285911,2025-11-25T15:24:02.940833,0
50,-4964.0,-21996.0,200.0,-720.0,-7866.0,-18212.0,7344.0,-12096.0,7384.0,-656.0,5625.0,10432.0,2021.36,-15686.64,3326.88,-685.44,-10.3,-1593.46,3791.4377313098526,1713.674061891584,1749.4478287734105,16.11478823937814,3724.63380884618,6911.6360905649535,16689.604687695773,6988.479057870561,2025-11-25T15:24:02.940833,2025-11-25T15:24:05.598640,0
50,-12740.0,-32768.0,-9840.0,-752.0,-8778.0,-31375.0,14352.0,-7352.0,7656.0,-624.0,9867.0,14348.0,3060.88,-15543.12,615.6,-688.96,-1674.76,-311.96,4932.684610392195,4233.201061324633,3719.9259562523553,21.56382155370425,4493.683070978637,9064.197036605063,16911.604979352447,9011.805548671053,2025-11-25T15:24:05.598640,2025-11-25T15:24:08.285159,0
50,-19436.0,-22924.0,-6100.0,-752.0,-10880.0,-12898.0,1176.0,3608.0,3924.0,-656.0,7100.0,13000.0,-10042.72,-8737.44,-1700.32,-701.76,-1208.36,373.8,6170.826249506625,8619.718594385782,2261.51225015475,20.740838941566466,4078.2467348604596,5484.24259492594,17023.299198986675,6000.431157016782,2025-11-25T15:24:08.285159,2025-11-25T15:24:10.918097,0
50,-18584.0,-32768.0,-5472.0,-752.0,-6761.0,-21961.0,21108.0,1740.0,9948.0,-656.0,10092.0,21629.0,-3495.36,-10285.44,405.04,-703.04,-710.1,-957.88,10432.601588788868,8115.969433555058,3363.4025448048883,20.342035296400407,3540.6659670180693,9788.534860008416,16622.905865726396,8938.81982473133,2025-11-25T15:24:10.918097,2025-11-25T15:24:13.568418,0
50,-12804.0,-21616.0,-9028.0,-768.0,-12019.0,-19924.0,6256.0,-10912.0,6996.0,-672.0,13278.0,22087.0,-2088.24,-16356.24,-1256.08,-715.52,772.58,1417.36,3452.673158930628,2506.604065743132,3732.1960497272917,19.994239170321034,6018.118041680472,8767.894161678732,17312.632595091323,9689.72399492129,2025-11-25T15:24:13.568418,2025-11-25T15:24:16.228346,0
50,-24596.0,-22352.0,-4256.0,-768.0,-15609.0,-32768.0,3908.0,26828.0,15076.0,-688.0,6503.0,11275.0,-9407.44,1490.48,1978.0,-719.68,-2558.88,-3218.76,5534.749281259269,13737.371320947832,3746.253872870871,21.818744235175405,5780.538025616646,7071.229990772468,17009.625320854317,7923.344542536008,2025-11-25T15:24:16.228346,2025-11-25T15:24:18.888037,0
50,-32768.0,-4320.0,-12192.0,-784.0,-22089.0,-16094.0,3664.0,32767.0,3724.0,-704.0,8702.0,14899.0,-10026.72,11513.14,-861.6,-735.68,567.94,-241.02,8418.514355965664,8931.18104846162,2891.9157940714663,19.85289903263501,4931.151542631802,5024.141859024285,16457.701635344172,5551.02983890343,2025-11-25T15:24:18.888037,2025-11-25T15:24:21.543719,0
50,-29432.0,-21716.0,-12084.0,-800.0,-13459.0,-18163.0,10040.0,32767.0,5296.0,-720.0,17540.0,12591.0,-7335.12,-4965.62,-1772.88,-757.44,1162.56,-1644.0,10129.930030636935,13838.195828777682,3944.268411961843,20.392312276934167,6262.9150214895935,7225.690912293439,17500.272980719237,8542.230498515495,2025-11-25T15:24:21.543719,2025-11-25T15:24:24.207105,0
50,-3404.0,-24188.0,-5620.0,-816.0,-6732.0,-23637.0,12036.0,-10188.0,3004.0,-720.0,7509.0,11673.0,3829.68,-16390.96,-1960.88,-769.28,205.48,-2014.02,4047.5330236577443,3427.4108067752836,2070.5902988278485,22.36339866835987,2858.280925591465,7294.873941309746,17469.120710041352,6729.888064090284,2025-11-25T15:24:24.207105,2025-11-25T15:24:26.867957,0
50,-424.0,-19856.0,-1172.0,-800.0,-6378.0,-6366.0,6676.0,-11484.0,8212.0,-752.0,5194.0,7919.0,2746.64,-15991.2,2774.16,-776.64,-707.14,1942.1,1303.0378315306123,1663.2809985086706,2589.971577913549,13.655416507745196,3095.9638047625817,3482.677414002049,16750.62408221267,4527.011018635083,2025-11-25T15:24:26.867957,2025-11-25T15:24:29.516997,0
50,-11448.0,-21520.0,-9452.0,-816.0,-12221.0,-16878.0,8912.0,-8796.0,5988.0,-752.0,9505.0,18427.0,-3275.04,-15744.16,-1439.36,-774.72,-681.98,-316.12,4521.76946320796,2275.296194872219,3268.518378470588,15.376657634219473,5312.97020691816,7384.311349448912,17067.987612341545,7600.466880348897,2025-11-25T15:24:29.516997,2025-11-25T15:24:32.246500,0
50,-8352.0,-18452.0,-5260.0,-816.0,-4775.0,-7084.0,1660.0,-13012.0,2120.0,-720.0,6212.0,4231.0,-4008.08,-15838.72,-1362.08,-769.92,400.86,-451.74,2600.5640606606867,1284.8095740614638,2091.5808742671175,22.995512605723754,2398.977040407015,3138.2788455457553,16753.91984098208,3699.5556086183997,2025-11-25T15:24:32.246500,2025-11-25T15:24:34.831677,0
50,-9236.0,-20940.0,-6664.0,-816.0,-11563.0,-9840.0,664.0,-12344.0,2456.0,-736.0,7575.0,9048.0,-5120.0,-15514.16,-1862.8,-776.96,-2349.62,-2361.0,2370.4608834570545,1643.9038823483568,2275.9437954395976,17.862765743299665,4903.2489387751875,4677.7876266457415,16768.64963283714,7025.64608571676,2025-11-25T15:24:34.831677,2025-11-25T15:24:38.281750,0
50,-9716.0,-19356.0,-8016.0,-816.0,-11918.0,-13326.0,-420.0,-12616.0,1280.0,-752.0,9180.0,15629.0,-5130.08,-15383.04,-3199.92,-780.8,233.58,24.16,2470.536037705178,1569.4694257614578,1861.1661703351476,18.38260046892169,5285.239302396818,7238.806198151737,16840.353467922137,7565.871231585384,2025-11-25T15:24:38.281750,2025-11-25T15:24:40.939115,0
50,-10572.0,-20176.0,-4924.0,-800.0,-7722.0,-19960.0,2388.0,-11156.0,3132.0,-736.0,12653.0,29187.0,-4632.8,-15891.6,-2094.32,-772.16,1457.44,885.66,3065.462105458164,1639.6727966274248,1669.5285255424658,14.94437686890959,5717.663911633841,13902.03951743772,17045.6677226768,13727.425958895019,2025-11-25T15:24:40.939115,2025-11-25T15:24:43.600460,0
50,-2784.0,-20368.0,-3420.0,-800.0,-11550.0,-17521.0,9064.0,-12092.0,6904.0,-736.0,9896.0,23834.0,2288.72,-16582.32,211.12,-769.6,266.24,-1293.8,2340.965502009801,1513.5805685856303,1710.5878830390445,17.6,3530.985163152063,8289.092859897275,16998.17175730869,7516.846306812887,2025-11-25T15:24:43.600460,2025-11-25T15:24:46.255582,0
50,-13136.0,-19260.0,-10088.0,-816.0,-14410.0,-13240.0,4064.0,-8256.0,4004.0,-736.0,6952.0,16943.0,-8327.52,-13120.4,-4051.68,-767.04,-1614.3,499.98,3315.47678767323,2472.375796678167,3388.3271473693326,19.832256553403095,4076.2170661043065,6506.773770433393,16840.07190821784,6471.115018621898,2025-11-25T15:24:46.255582,2025-11-25T15:24:48.918537,0
50,-11288.0,-20328.0,-9784.0,-800.0,-7112.0,-26338.0,10228.0,-9436.0,9656.0,-736.0,15317.0,17117.0,-1612.32,-15328.32,-1583.36,-769.28,2538.06,-5376.52,5219.052961754652,2452.6963892010767,3932.054230348305,16.884359626589337,5341.117393991635,9775.49861488405,16871.20256423573,10823.037255171355,2025-11-25T15:24:48.918537,2025-11-25T15:24:51.574956,0
50,-9816.0,-21304.0,-7232.0,-816.0,-17202.0,-10618.0,6608.0,-6100.0,9708.0,-752.0,13491.0,18449.0,584.56,-15736.08,3348.48,-775.68,-1817.24,977.3,4177.216068914799,2484.173325998007,3468.051638831233,18.724785713059575,6881.947301629097,6759.216360644184,17024.467180023486,8634.115365418218,2025-11-25T15:24:51.574956,2025-11-25T15:24:54.231816,0
50,-16244.0,-22844.0,-3220.0,-816.0,-11557.0,-7095.0,10724.0,-1760.0,13352.0,-720.0,23951.0,14914.0,1442.48,-14316.4,3590.4,-777.28,940.02,2914.58,6561.470463973757,3898.534391280908,3740.379531544894,18.955780121113452,6910.248905763091,4352.417034660167,16859.09243183709,6946.433591337885,2025-11-25T15:24:54.231816,2025-11-25T15:24:56.894736,0
50,-3764.0,-22220.0,-6424.0,-832.0,-10996.0,-10068.0,6420.0,-12084.0,9768.0,-752.0,4325.0,5993.0,162.4,-15701.36,3858.0,-782.08,-976.62,-1033.0,2434.6647243511784,1986.5674693802875,3208.5348431955667,16.823602467961493,3815.8594045902687,3989.1419779195626,16673.947951341586,5137.93445166277,2025-11-25T15:24:56.894736,2025-11-25T15:24:59.550909,0
50,-2692.0,-20008.0,-5416.0,-816.0,-5859.0,-12733.0,11436.0,-11376.0,4692.0,-736.0,7792.0,14008.0,2955.68,-16798.48,-40.72,-772.48,283.9,398.9,3389.8994288326608,1541.2491328789126,2170.0142215202186,17.828336994795674,3307.583929396199,5606.779383032652,17502.00463039553,5836.372741395648,2025-11-25T15:24:59.550909,2025-11-25T15:25:02.204005,0
50,-21404.0,-28468.0,-9788.0,-832.0,-22457.0,-26972.0,9900.0,4980.0,8200.0,-752.0,11906.0,10868.0,-4250.72,-11255.52,-664.96,-786.56,-3081.64,-2617.74,9692.374056009188,7555.740117923591,3622.8546145822634,17.339157995704404,8260.809046963863,9896.730651705138,17111.756747402498,12041.223520199661,2025-11-25T15:25:02.204005,2025-11-25T15:25:04.904654,0
50,-22868.0,-15528.0,-10680.0,-832.0,-18555.0,-9721.0,-9152.0,11640.0,7620.0,-752.0,14469.0,16071.0,-13797.2,3907.28,-3510.56,-791.68,-4401.64,1357.92,3039.2979452498566,6492.453302227133,3446.5910587709704,18.169689045220338,8633.832740469321,5670.2125809884765,16498.608205410015,10237.261499632772,2025-11-25T15:25:04.904654,2025-11-25T15:25:07.524249,0
50,-18808.0,2132.0,-10708.0,-832.0,-16043.0,-16270.0,-2828.0,16556.0,88.0,-736.0,14460.0,12169.0,-12282.24,8508.08,-4632.24,-791.36,555.18,-1018.98,3352.29317667772,3207.9670312520357,2768.31563633918,19.52,7392.008535411739,6031.112214144254,16442.143428769028,8332.463628068394,2025-11-25T15:25:07.524249,2025-11-25T15:25:10.178787,0
50,-24524.0,1440.0,-15756.0,-848.0,-17640.0,-24609.0,-3016.0,17048.0,7128.0,-768.0,8489.0,18863.0,-12131.12,7971.36,-5675.2,-797.76,-1630.68,29.64,5051.655746940799,3824.465943161215,4105.559080076671,16.32,5553.362420876203,8965.214455349074,16970.458997924085,9349.166561081342,2025-11-25T15:25:10.178787,2025-11-25T15:25:12.842722,0
50,-17204.0,-18356.0,-7392.0,-864.0,-9493.0,-20053.0,1176.0,8460.0,8376.0,-752.0,11614.0,25050.0,-10340.24,-5222.64,212.88,-794.56,207.86,1642.48,5070.922624375174,9798.109159955302,4776.913767863096,19.62463757627131,5095.50014428417,11423.61868278174,16587.46659587714,10245.845450805484,2025-11-25T15:25:12.842722,2025-11-25T15:25:15.501807,0
50,-19556.0,-16864.0,-9464.0,-848.0,-20022.0,-18317.0,-7716.0,11044.0,3592.0,-784.0,12678.0,12187.0,-13114.56,-593.52,-3381.92,-814.72,-2244.62,-4329.7,3125.914164912402,8642.245481910359,3341.7597510293886,18.337982440824835,8913.358197424806,7904.589404263829,16494.61335167726,12071.723058548663,2025-11-25T15:25:15.501807,2025-11-25T15:25:18.156730,0
50,-10772.0,-18612.0,-2248.0,-848.0,-8763.0,-14999.0,6196.0,-10696.0,8904.0,-768.0,8129.0,14542.0,-1618.56,-14754.16,4046.96,-818.56,-680.32,-903.96,5190.755768325072,1728.8653777550178,2008.495207462542,19.028567996567688,3545.266440988604,6199.386579202816,16402.410159493455,6153.1753592675,2025-11-25T15:25:18.156730,2025-11-25T15:25:20.823728,0
50,-6784.0,-15772.0,3148.0,-864.0,-5175.0,-6733.0,-1616.0,-13744.0,4928.0,-784.0,827.0,4642.0,-5068.64,-14895.28,4012.08,-819.52,-389.84,-557.84,680.6807698179815,428.56985614949633,397.76454542857385,19.801252485638376,862.8056411498478,1470.1530989662267,16256.453861225189,1588.8619051595574,2025-11-25T15:25:20.823728,2025-11-25T15:25:23.478371,0
50,-6164.0,-15608.0,2016.0,-848.0,-2391.0,-1332.0,-4724.0,-14560.0,4468.0,-768.0,386.0,1555.0,-5316.0,-14927.2,3763.6,-808.96,-566.36,-116.82,346.7342498225406,230.82738139137652,757.6719078862566,20.529939113402165,563.5582937017252,633.8332174949495,16307.799595086311,1238.2850413497263,2025-11-25T15:25:23.478371,2025-11-25T15:25:26.138357,0
50,-6332.0,-19916.0,124.0,-832.0,-5912.0,-1428.0,9684.0,-12584.0,7820.0,-752.0,6602.0,15393.0,-1943.84,-15405.12,2899.84,-800.64,303.48,2551.96,5080.1289407258155,1285.275886959683,1712.1517614977943,18.09061635213129,2145.394781759292,4506.976241162139,16674.457052137597,3776.6757770097493,2025-11-25T15:25:26.138357,2025-11-25T15:25:28.798509,0
50,-17828.0,-22928.0,-10992.0,-864.0,-17123.0,-32768.0,9584.0,-9288.0,15152.0,-768.0,17697.0,32767.0,-515.76,-15544.4,1697.6,-804.16,-354.58,4478.18,5848.566233052336,3111.263691813987,4972.016218798969,17.47153112923993,6394.025358379493,11671.195113937561,17442.622389381922,11839.389116319962,2025-11-25T15:25:28.798509,2025-11-25T15:25:31.453349,0
50,-5804.0,-23792.0,-6924.0,-832.0,-14382.0,-23986.0,7836.0,-11228.0,4380.0,-768.0,11425.0,22490.0,778.56,-16501.2,-718.72,-800.0,70.38,-1787.76,3366.225638070033,2341.404057398039,3176.2659274059533,16.0,6276.697803431355,12047.291832706635,17171.37773435655,12484.350249035042,2025-11-25T15:25:31.453349,2025-11-25T15:25:34.109713,0
50,-9316.0,-27640.0,-6424.0,-832.0,-18917.0,-14873.0,14332.0,-5612.0,19580.0,-752.0,13084.0,32767.0,1111.2,-16129.44,453.36,-795.2,-143.76,4553.14,5244.987550032888,3746.562350528815,4857.761631698287,18.172506706560874,6037.606123489673,9329.160107983998,17581.690114163575,9627.947064161508,2025-11-25T15:25:34.109713,2025-11-25T15:25:36.763980,0
50,-10260.0,-32768.0,-18860.0,-848.0,-13533.0,-32768.0,22060.0,12672.0,16364.0,-768.0,17220.0,29703.0,2297.44,-14691.28,-2643.2,-802.24,-1463.62,-4043.96,6967.948875128175,15112.721289086225,6884.815895868241,20.492496187629268,6702.671693854623,17346.839312059128,20383.79424805724,17479.266134387366,2025-11-25T15:25:36.763980,2025-11-25T15:25:39.434040,0
50,-7044.0,-32768.0,-14052.0,-864.0,-14174.0,-18099.0,26108.0,6716.0,19292.0,-784.0,11024.0,32767.0,3798.64,-14839.76,44.4,-819.84,-1293.94,8547.46,6775.163849708729,8249.069122173725,5965.978759600138,19.87094361121283,6026.465104553415,13072.305085500415,17873.255821789404,14799.86702110523,2025-11-25T15:25:39.434040,2025-11-25T15:25:42.093451,0
50,-4432.0,-26788.0,-4280.0,-864.0,-6986.0,-29475.0,13176.0,-10512.0,6292.0,-784.0,7885.0,6676.0,1874.0,-16006.4,1646.8,-817.92,886.02,-7448.08,4481.178577115623,2705.71365816858,2238.3202630544183,18.833841881039568,3746.5452966166044,7303.05214233063,16977.486199487255,9577.082041468428,2025-11-25T15:25:42.093451,2025-11-25T15:25:44.745876,0
50,-6864.0,-21668.0,-7524.0,-832.0,-8585.0,-29881.0,11184.0,-12472.0,4252.0,-768.0,4534.0,13283.0,-205.92,-16322.32,-302.72,-808.64,-542.04,-4664.0,3764.179314751092,1536.4582837161574,2223.5892340088353,16.99618780785856,2624.3592205336527,10310.37694364275,16900.815868269157,8870.512036190836,2025-11-25T15:25:44.745876,2025-11-25T15:25:47.405751,0
50,-18648.0,-23360.0,-9336.0,-832.0,-12269.0,-6593.0,2900.0,15568.0,6808.0,-752.0,9228.0,18276.0,-7666.48,-591.2,-929.12,-800.0,-2489.08,1789.96,5191.795120148714,13452.006827235853,3152.5546760682837,17.81684596105607,5606.186125486738,5419.287775935137,16538.18822726042,7161.436935102192,2025-11-25T15:25:47.405751,2025-11-25T15:25:50.064813,0
50,-18044.0,-14936.0,-14968.0,-832.0,-884.0,-14589.0,2292.0,17160.0,-648.0,-752.0,16178.0,5367.0,-4328.4,6159.28,-5920.08,-799.04,4774.96,-1200.06,5636.608072236351,12328.643427465975,3016.6211020941955,17.05633020318263,5007.960534828524,3698.5351933434404,16770.843404168405,5978.532119690882,2025-11-25T15:25:50.064813,2025-11-25T15:25:52.727559,0
50,-9252.0,-22076.0,-9076.0,-832.0,-7285.0,-20951.0,13324.0,-11104.0,9648.0,-752.0,8561.0,32767.0,60.08,-16094.08,95.12,-796.8,801.3,8300.36,4326.191081494205,2537.0240506546247,3774.372046526415,15.67673435381234,3446.830655834429,12813.13307159494,17036.728683737692,13356.168589795518,2025-11-25T15:25:52.727559,2025-11-25T15:25:55.386615,0
50,-3328.0,-23396.0,-8756.0,-848.0,-9951.0,-32768.0,13500.0,-12036.0,7416.0,-768.0,14087.0,12454.0,3277.76,-16373.92,556.8,-809.28,474.08,-6199.44,3819.080782387301,2569.1469388884707,2917.815401974566,16.34507877007633,4459.884621108487,9591.358969739376,17376.286235876403,10286.378385370954,2025-11-25T15:25:55.386615,2025-11-25T15:25:58.044531,0
50,-592.0,-22124.0,-3544.0,-848.0,-7317.0,-19451.0,9584.0,-12036.0,8488.0,-768.0,4620.0,12215.0,3419.92,-16091.04,2117.6,-809.28,-699.46,-450.38,1859.907350810787,2194.2039372856843,2582.9797366607427,19.223985018720754,2622.3550576533303,7797.296610723489,16884.709228411335,6798.677906376244,2025-11-25T15:25:58.044531,2025-11-25T15:26:00.703262,0
50,16.0,-23176.0,-1816.0,-864.0,-4449.0,-11975.0,5564.0,-12368.0,2360.0,-768.0,3126.0,26059.0,3068.56,-16505.28,220.72,-811.2,-810.98,6201.78,1450.3710995465954,2124.7813914847807,1039.081037070738,17.30664612222715,2031.3990005904798,9774.713888989283,16881.017169834606,9613.053589395051,2025-11-25T15:26:00.703262,2025-11-25T15:26:03.363491,0
50,-11412.0,-28356.0,-8288.0,-848.0,-16636.0,-15339.0,8408.0,-9120.0,7600.0,-768.0,3340.0,10940.0,-2823.84,-15307.68,-2773.04,-809.28,-3317.06,-3831.76,4768.442258683647,2806.382307811963,3024.6581093406244,16.96,3508.478116847816,6511.506647650757,16840.06971805229,7754.452339204814,2025-11-25T15:26:03.363491,2025-11-25T15:26:06.020571,0
50,-7388.0,-24404.0,-9096.0,-848.0,-7733.0,-25635.0,6872.0,-13392.0,6224.0,-768.0,9822.0,15996.0,-941.6,-16127.28,-2000.88,-806.08,-406.42,-3373.0,3172.1794652888098,1915.9470038599711,3774.500489548253,16.899514785933945,4071.976238093734,8926.128719663413,17016.168346922248,8489.397903900146,2025-11-25T15:26:06.020571,2025-11-25T15:26:08.681145,0
50,-7752.0,-20636.0,-2908.0,-864.0,-5238.0,-9318.0,5868.0,-13312.0,10220.0,-784.0,5369.0,25975.0,444.72,-16285.76,1905.84,-824.64,63.98,7612.96,3348.5667085485993,1991.3197489102547,2651.2056982437257,17.588359787086457,2453.426954201001,8298.265707869326,16939.54744508937,9665.750845451234,2025-11-25T15:26:08.681145,2025-11-25T15:26:11.343087,0
50,-4164.0,-24012.0,-4552.0,-848.0,-8783.0,-28402.0,8032.0,-13820.0,4312.0,-784.0,5398.0,14232.0,762.8,-16646.96,-578.96,-816.64,-618.76,-8477.44,2568.675705494954,1952.5574302437303,1938.4993470207824,15.987194875899899,2480.0875997432026,10499.948838275355,16976.33388402009,11393.131281728247,2025-11-25T15:26:11.343087,2025-11-25T15:26:14.000972,0
50,-3960.0,-21212.0,-2880.0,-864.0,-2993.0,-11621.0,7956.0,-8360.0,7524.0,-784.0,6212.0,11813.0,2330.8,-16051.92,2546.32,-821.12,500.44,666.4,2764.76148700028,2550.784850511701,2578.8349729286674,17.362764756800686,2108.0558736428216,5968.704221185701,16889.15688464556,5580.477110885655,2025-11-25T15:26:14.000972,2025-11-25T15:26:16.656804,0
50,-4060.0,-25836.0,-2460.0,-864.0,-11352.0,-6841.0,8216.0,-10968.0,11764.0,-800.0,5947.0,23447.0,777.52,-16347.36,2578.72,-830.4,-692.46,9131.42,2700.723682571025,3195.53482071468,2990.0448628072454,17.6,3572.475350285849,7836.055645769752,16996.35497022849,11160.400708969506,2025-11-25T15:26:16.656804,2025-11-25T15:26:19.317260,0
50,-5696.0,-24172.0,-3088.0,-864.0,-9775.0,-13846.0,7248.0,-12172.0,10748.0,-800.0,4713.0,25502.0,1487.84,-16448.08,1009.52,-834.24,-1711.84,7767.64,3018.821063660448,2338.779783049272,2376.049277603476,15.68,2700.192232860468,9105.87053885569,16984.978972202494,10529.27359312383,2025-11-25T15:26:19.317260,2025-11-25T15:26:22.016038,0
50,-14168.0,-28916.0,-6468.0,-880.0,-7873.0,-4975.0,12604.0,-12100.0,12740.0,-784.0,15517.0,16832.0,1999.68,-16408.4,1471.36,-833.92,-342.1,2465.32,3186.859805137339,2292.065793122004,2728.102914187806,18.56,3535.8585110267068,5363.009306126552,17092.738967165627,5849.014249580302,2025-11-25T15:26:22.016038,2025-11-25T15:26:24.840790,0
50,-3300.0,-22268.0,-2564.0,-880.0,-5564.0,-9801.0,4732.0,-13748.0,4372.0,-800.0,5566.0,20472.0,1252.56,-16665.28,1197.6,-839.36,-818.14,5298.56,1706.2651629802444,1883.024535580989,1307.9366345507722,17.87709148603318,2746.927578295431,6363.937181211015,16892.46742086461,7587.2576558047485,2025-11-25T15:26:24.840790,2025-11-25T15:26:27.337667,0
50,-116.0,-21672.0,-3096.0,-864.0,-4413.0,-19929.0,13636.0,-13496.0,5080.0,-784.0,7294.0,19004.0,3005.76,-16369.68,1528.56,-827.52,316.92,-2055.62,2397.280213575376,1766.1632250729263,1887.081981896918,19.994239170321034,2673.67653870097,9862.04748698768,16994.60330140818,8658.63587180226,2025-11-25T15:26:27.337667,2025-11-25T15:26:29.947689,0
50,-3032.0,-21084.0,-4076.0,-864.0,-7627.0,-31224.0,10108.0,-13020.0,8996.0,-800.0,7091.0,23178.0,3038.32,-16631.04,591.04,-831.04,-43.8,-4110.82,3179.9526124771105,1705.275121028862,2269.0650846549115,18.217530019187564,3761.444892591144,13473.978433543673,17360.18991113429,12748.907933162225,2025-11-25T15:26:29.947689,2025-11-25T15:26:32.665823,0
50,-11884.0,-32768.0,-15996.0,-880.0,-32768.0,-15091.0,24440.0,560.0,24044.0,-800.0,9022.0,32418.0,3060.8,-14726.88,3880.48,-841.92,-81.46,5988.56,5133.993128160574,5269.840592048302,5993.56490326083,17.494959274030904,6983.476109245309,10975.389611599216,17253.247277083778,10528.635875026088,2025-11-25T15:26:32.665823,2025-11-25T15:26:35.264406,0
50,-896.0,-20668.0,-1436.0,-880.0,-8851.0,-14684.0,8124.0,-10608.0,8712.0,-800.0,5832.0,8017.0,3373.36,-16188.0,1972.64,-839.04,-832.36,-1197.14,1611.2350760829409,1836.294181224784,2089.2467327723643,18.147132004810015,3095.622326835107,4493.4406149853585,16873.554732975703,4276.876796610698,2025-11-25T15:26:35.264406,2025-11-25T15:26:37.924360,0
50,-5964.0,-22648.0,-6868.0,-880.0,-10667.0,-17213.0,10756.0,-8180.0,8124.0,-800.0,7959.0,16114.0,3230.64,-16059.92,1310.0,-837.76,320.38,-417.54,3224.200550586145,3168.621301702051,2617.571179547941,19.922409492829928,4369.164986081437,6473.684475505429,17025.52916864328,6654.105023195845,2025-11-25T15:26:37.924360,2025-11-25T15:26:40.582572,0
50,-15712.0,-22176.0,-7292.0,-864.0,-9909.0,-27230.0,3216.0,-3928.0,8688.0,-784.0,20576.0,16416.0,-5969.12,-14840.88,-474.0,-828.8,-2940.02,-788.44,3729.0477531938363,3326.967848597278,3598.023123883447,20.489997559785117,5449.425274246817,8103.192553950573,16838.757433691393,8431.79002304947,2025-11-25T15:26:40.582572,2025-11-25T15:26:43.235337,0
50,-11032.0,-21480.0,-6428.0,-880.0,-11822.0,-16051.0,7984.0,-7476.0,10784.0,-784.0,17119.0,18544.0,-2997.52,-14738.24,2328.48,-830.4,1966.78,1624.26,4386.578284904989,3464.7996453474766,4515.076159889221,21.044714300745447,8043.6710556561175,7157.849765984195,16565.190171750484,9475.728807147196,2025-11-25T15:26:43.235337,2025-11-25T15:26:45.977960,0
50,-9736.0,-19648.0,-6936.0,-880.0,-9970.0,-17542.0,13008.0,-6684.0,17564.0,-800.0,14784.0,9181.0,665.2,-14064.0,3460.88,-829.44,16.2,-2750.0,6592.424561570651,3524.4980351817476,5815.84958760111,19.028567996567688,6333.14200061865,6957.03568770493,17016.646445771228,8219.104645376896,2025-11-25T15:26:45.977960,2025-11-25T15:26:48.554155,0
50,-4272.0,-27564.0,-7064.0,-864.0,-7120.0,-25883.0,13952.0,-8968.0,7344.0,-800.0,7710.0,9287.0,3393.36,-15781.84,1868.16,-836.48,1384.16,-10087.5,3588.2023229466868,3281.930476777349,2556.089257909434,14.32513874278361,3942.6962620014237,8902.33587380301,16837.43405384928,12956.706578675918,2025-11-25T15:26:48.554155,2025-11-25T15:26:51.369680,0
50,-8236.0,-20528.0,-11740.0,-864.0,-8822.0,-32768.0,14760.0,-10992.0,9484.0,-784.0,8524.0,21172.0,3028.4,-15168.16,4160.24,-830.4,97.8,-967.98,4729.263063099789,2357.337339966429,3757.2081047501215,15.429841217588727,4389.024046413963,15511.197419271022,17139.201627776485,14411.25104869424,2025-11-25T15:26:51.369680,2025-11-25T15:26:53.868194,0
50,-4844.0,-21720.0,-1452.0,-880.0,-8239.0,-11784.0,8896.0,-10596.0,10196.0,-784.0,8371.0,8282.0,740.88,-15550.32,4167.28,-831.68,637.02,-2699.22,2970.459389656758,2272.8491497677537,3080.278188995273,19.59330497899729,3895.5041136674467,4378.289397881324,16710.359308889172,5801.039597938721,2025-11-25T15:26:53.868194,2025-11-25T15:26:56.524670,0
50,-3080.0,-17932.0,6824.0,-880.0,-3382.0,-12049.0,172.0,-11976.0,9212.0,-784.0,3067.0,9083.0,-1320.0,-13860.56,8137.76,-831.36,-421.02,-228.64,705.8185602546876,1044.6404196660208,616.1366913275008,20.974041098462642,1147.136652539705,2459.679025889354,16162.664855649353,2052.8418440485984,2025-11-25T15:26:56.524670,2025-11-25T15:26:59.187923,0
50,-3160.0,-20544.0,5940.0,-864.0,-7098.0,-6243.0,7316.0,-8928.0,11408.0,-784.0,9417.0,5581.0,-1250.16,-14031.44,7847.92,-824.64,-176.42,155.92,1507.7315856610553,1449.7048549273745,1026.140416122472,18.440997803806603,2328.882694254908,2032.2333806922866,16226.032835346346,2535.2438992425978,2025-11-25T15:26:59.187923,2025-11-25T15:27:01.847671,0
50,-6516.0,-17168.0,1168.0,-848.0,-4334.0,-5560.0,596.0,-12596.0,9604.0,-784.0,4904.0,4930.0,-1915.76,-14913.92,5931.12,-817.28,-44.78,-295.84,1325.0392078727332,1005.9732767822413,1713.7526150527094,16.884359626589337,2042.3233171072595,2574.8116463928,16320.05046785938,2975.488717921959,2025-11-25T15:27:01.847671,2025-11-25T15:27:04.506479,0
50,-2364.0,-15360.0,6532.0,-848.0,-2794.0,-4078.0,1104.0,-12028.0,10300.0,-768.0,2353.0,2886.0,-1034.32,-13902.72,7886.8,-809.28,-428.84,5.02,915.9371471886049,702.230248280434,818.2272544959621,16.34507877007633,893.7418275989996,1415.2373863066225,16069.525421703605,1707.6566343575844,2025-11-25T15:27:04.506479,2025-11-25T15:27:07.161197,0
50,-2736.0,-14680.0,7272.0,-832.0,-1743.0,-1973.0,180.0,-13024.0,9000.0,-752.0,757.0,2417.0,-1468.88,-13929.68,7904.08,-797.12,-271.84,-143.76,647.051300593701,395.9669400341397,380.6903119334665,16.531956931954547,584.4038795216883,923.663132532635,16101.700732768943,1315.2260525540282,2025-11-25T15:27:07.161197,2025-11-25T15:27:09.825349,0
50,-2684.0,-15836.0,6504.0,-832.0,-1287.0,-1387.0,316.0,-13004.0,8556.0,-736.0,460.0,1511.0,-1376.08,-14187.92,7488.32,-779.2,-278.04,54.54,800.5456099436184,489.63757372162524,437.9821658469669,20.552372125864206,399.26572404853385,654.4665678245146,16129.116703031717,1089.367933344079,2025-11-25T15:27:09.825349,2025-11-25T15:27:12.480165,0
