mean_AccX(g),min_AccX(g),max_AccX(g),mean_ΔAccX,min_ΔAccX,max_ΔAccX,mean_AccY(g),min_AccY(g),max_AccY(g),mean_ΔAccY,min_ΔAccY,max_ΔAccY,mean_AccZ(g),min_AccZ(g),max_AccZ(g),mean_ΔAccZ,min_ΔAccZ,max_ΔAccZ,mean_GyrX(d/s),min_GyrX(d/s),max_GyrX(d/s),mean_ΔGyrX,min_ΔGyrX,max_ΔGyrX,mean_GyrY(d/s),min_GyrY(d/s),max_GyrY(d/s),mean_ΔGyrY,min_ΔGyrY,max_ΔGyrY,mean_GyrZ(d/s),min_GyrZ(d/s),max_GyrZ(d/s),mean_ΔGyrZ,min_ΔGyrZ,max_ΔGyrZ,isFall
27.931142857142863,0.0,32.0,625.6190476190476,-117,65511,29.78571428571428,0.07,31.99,0.0380952380952381,-155,235,1.5075238095238095,0.18,31.98,-11.247619047619047,-863,48,3907.502857142857,3905.37,3910.24,0.7619047619047619,-48,64,2021.246761904762,0.55,3996.04,-622.1619047619048,-65522,65502,2205.3746666666666,0.55,3995.73,3.1619047619047618,-36,157,1
18.95,0.01,31.97,27.52777777777778,-101,669,29.68972222222222,0.08,32.0,-12.055555555555555,-65508,65217,8.616111111111111,0.09,31.99,1867.1944444444443,-65,63296,3904.715277777778,3902.44,3908.29,1.7777777777777777,-64,64,1894.203611111111,1.4,3995.73,20.11111111111111,-101,942,2873.942222222222,8.17,3993.35,27.25,-46,640,1
24.44173076923077,0.03,31.96,-30.5,-1571,69,27.999423076923073,0.02,32.0,-1264.2115384615386,-65525,324,9.592307692307692,0.01,31.95,83.07692307692308,-118,3901,3903.0569230769233,3900.49,3905.37,-4.615384615384615,-64,80,2057.5576923076924,0.98,3995.91,1261.0384615384614,-73,65509,2222.5824999999995,0.43,3994.63,1265.1153846153845,-82,65523,1
23.18322033898305,0.02,31.97,84.15254237288136,-93,4816,28.26474576271186,0.07,31.98,-1071.1186440677966,-63556,195,8.326271186440678,0.01,31.98,-32.54237288135593,-1551,80,3902.1406779661015,3900.49,3905.37,0.2711864406779661,-64,64,2412.946101694915,3.84,3994.63,-1107.8135593220338,-65505,217,2426.1896610169492,0.49,3995.98,-1090.6271186440679,-65528,1031,1
27.585714285714285,0.03,31.94,-1832.8857142857144,-64381,421,29.886285714285712,0.6,31.97,-1872.4,-65432,204,11.030000000000001,0.02,31.91,26.62857142857143,-83,715,3901.0165714285718,3899.51,3902.44,-2.2857142857142856,-48,48,2162.998285714286,0.91,3993.72,-1.2571428571428571,-213,112,1944.8102857142858,1.16,3995.61,-1876.1714285714286,-65523,115,1
28.6971052631579,0.05,31.67,-8.289473684210526,-752,258,29.989473684210523,0.53,31.98,-14.447368421052632,-604,255,16.006842105263154,0.04,32.0,-21.526315789473685,-65533,64720,3899.9742105263153,3897.56,3902.44,-3.3684210526315788,-64,48,2393.7847368421053,0.18,3996.04,-3478.8947368421054,-65518,131,2215.562368421053,1.59,3995.49,-11.763157894736842,-450,119,1
29.55942857142857,0.64,31.99,-1857.2571428571428,-65512,988,28.025142857142857,0.15,31.91,1819.5714285714287,-194,63751,11.087142857142858,0.0,32.0,1845.0857142857142,-1080,65469,3899.7914285714287,3897.56,3901.46,3.657142857142857,-48,64,1931.0554285714286,6.59,3991.65,-43.25714285714286,-1988,118,2515.482571428571,5.0,3995.61,-41.91428571428571,-65528,64132,1
27.582745098039222,0.01,31.97,-25.901960784313726,-1118,69,29.579019607843133,0.08,31.83,3.980392156862745,-245,461,10.176666666666666,0.02,31.99,1283.4705882352941,-66,65457,3898.824705882353,3896.59,3900.49,0.0,-48,48,1944.347254901961,0.61,3993.96,9.490196078431373,-142,484,2491.2358823529407,0.37,3995.55,0.058823529411764705,-31,85,1
30.161999999999995,0.64,31.68,-17.257142857142856,-913,330,28.11542857142857,0.05,31.93,16.65714285714286,-89,458,16.45485714285714,0.05,31.98,0.8571428571428571,-73,93,3898.1479999999997,3895.61,3900.49,2.742857142857143,-48,64,1925.5320000000004,0.0,3995.67,-1868.4285714285713,-65483,218,2617.717142857143,3.35,3995.43,-1877.4857142857143,-65516,69,1
28.81245614035087,0.02,31.94,9.12280701754386,-167,178,29.26385964912281,0.04,31.95,31.75438596491228,-785,3060,11.657368421052633,0.02,32.0,-54.12280701754386,-3102,248,3897.5800000000004,3895.61,3900.49,-1.9649122807017543,-64,48,2096.4585964912276,0.37,3993.72,2281.6491228070176,-1670,65497,2362.7366666666667,0.0,3995.85,-1144.3157894736842,-65529,217,1
7.24421052631579,0.1,31.98,11.736842105263158,-82,292,27.49184210526316,0.01,31.99,1714.7368421052631,-81,64524,28.002105263157894,0.02,31.88,1598.1315789473683,-231,60290,3909.344473684211,3905.37,3911.22,-2.9473684210526314,-64,48,1689.201842105263,0.43,3996.04,-1749.6315789473683,-65528,257,2101.1473684210528,3.9,3995.43,-23.736842105263158,-774,73,1
7.153636363636363,0.12,32.0,-4352.272727272727,-65512,64,30.910681818181818,0.3,32.0,-10.090909090909092,-258,105,12.9375,0.04,31.99,-312.6818181818182,-13294,100,3906.2977272727267,3903.41,3908.29,0.0,-64,64,2010.8963636363633,0.49,3994.51,1499.659090909091,-101,65477,1889.5740909090907,1.04,3995.3,223.79545454545453,-77,9772,1
6.542307692307692,0.02,32.0,-23.346153846153847,-65375,65490,29.248076923076926,0.18,31.88,2.1153846153846154,-153,138,31.175769230769234,27.59,32.0,-2538.9615384615386,-65532,232,3907.0923076923073,3904.39,3909.27,-1.2307692307692308,-64,48,1997.8123076923077,1.65,3995.24,4.923076923076923,-188,228,2745.666153846154,11.65,3994.94,-10.23076923076923,-421,173,1
6.198214285714286,0.06,31.92,14.785714285714286,-73,275,29.483928571428574,0.07,31.87,-53.0,-886,38,30.256428571428568,0.01,31.99,-2402.8928571428573,-65516,130,3910.522142857143,3908.29,3912.2,-6.285714285714286,-64,48,2846.0885714285714,0.18,3995.79,2310.8928571428573,-613,65402,2686.877857142857,0.55,3993.78,2.9285714285714284,-84,324,1
4.486666666666667,0.08,31.92,-13.375,-194,47,30.475000000000005,0.23,31.96,-3.5833333333333335,-130,204,31.252083333333335,30.34,31.89,25.333333333333332,-111,419,3913.617083333333,3911.22,3917.07,-2.6666666666666665,-48,48,2498.0237500000003,3.48,3995.73,-2722.5,-65463,113,2795.5241666666666,3.29,3995.91,-7.666666666666667,-93,75,1
4.1425925925925915,0.03,31.98,-2409.296296296296,-65185,214,29.430370370370365,0.14,31.95,2384.037037037037,-199,64586,31.391111111111112,30.35,31.93,-35.77777777777778,-478,76,3916.0262962962966,3914.15,3919.02,0.5925925925925926,-48,32,2359.8522222222223,1.1,3995.85,-2402.777777777778,-65532,65230,3522.353333333333,6.77,3994.21,24.22222222222222,-276,842,1
2.8084999999999996,0.01,31.99,6.925,-65136,64724,31.824249999999996,31.6,31.98,-3283.475,-65492,64,28.098000000000003,0.03,31.99,-44.15,-1420,53,3920.903,3918.05,3924.88,0.0,-32,48,2092.33125,0.0,3995.61,1612.3,-1125,65532,2373.77575,0.0,3995.37,1625.9,-65507,65531,1
3.7453125000000003,0.04,31.99,-2146.03125,-65492,54,26.900937499999998,0.02,31.93,4.15625,-63,161,20.616875,0.0,31.99,63.34375,-136,2228,3919.5115625,3917.07,3923.9,0.0,-32,48,2613.551875,1.28,3995.61,-2108.53125,-65489,73,2849.3365625,0.85,3995.43,52.46875,-160,1726,1
4.145925925925926,0.06,31.99,-2429.814814814815,-65228,165,20.10333333333333,0.02,31.95,14.851851851851851,-67,333,31.37592592592592,30.23,31.94,36.925925925925924,-173,992,3923.3607407407403,3920.98,3926.83,5.333333333333333,-48,64,2805.2688888888883,0.3,3995.67,-43.44444444444444,-1005,31,2795.5503703703703,0.18,3995.12,-63.03703703703704,-1088,144,1
5.680526315789473,0.09,31.86,32.78947368421053,-61,288,21.857368421052634,0.11,31.99,-9.421052631578947,-184,73,31.484210526315792,30.57,31.92,-15.368421052631579,-561,260,3925.8010526315798,3923.9,3928.78,3.3684210526315788,-48,64,3152.6257894736837,6.52,3995.98,5.526315789473684,-38,132,3324.349473684211,38.11,3989.94,9.157894736842104,-35,157,1
2.208292682926829,0.05,31.96,1.1219512195121952,-65094,65360,19.59682926829268,0.21,31.96,-18.414634146341463,-662,190,15.468536585365852,0.0,32.0,-1596.121951219512,-65502,139,3903.2704878048785,3901.46,3905.37,3.1219512195121952,-48,64,983.7746341463413,0.55,3995.79,12.121951219512194,-88,296,1751.7397560975608,0.85,3995.91,-1608.0731707317073,-65533,92,1
16.013823529411766,0.13,31.54,-4.029411764705882,-92,194,31.455882352941178,30.98,31.94,-1935.235294117647,-65396,40,14.282352941176471,0.01,31.99,-2.264705882352941,-65518,65514,3905.5676470588232,3903.41,3907.32,6.588235294117647,-32,64,2129.337941176471,0.73,3991.1,7.5,-229,144,1647.6200000000001,1.52,3995.98,-3844.9117647058824,-65518,248,1
2.5327272727272727,0.06,31.83,-19.727272727272727,-496,91,18.503939393939394,0.11,31.92,0.15151515151515152,-146,98,11.393030303030304,0.04,31.94,20.151515151515152,-39,412,3908.1154545454547,3905.37,3910.24,-4.848484848484849,-48,64,1941.847575757576,0.18,3995.79,0.18181818181818182,-186,270,2290.5833333333335,0.06,3995.91,-1996.7878787878788,-65531,65526,1
17.661515151515154,0.26,31.94,-14.212121212121213,-401,136,31.176969696969696,27.09,31.76,3.4242424242424243,-140,163,26.024242424242427,0.0,31.99,1974.3333333333333,-228,65527,3910.331515151515,3908.29,3912.2,9.696969696969697,-32,48,1941.4315151515152,5.0,3995.18,6.333333333333333,-113,203,1343.469393939394,0.12,3995.67,6.2727272727272725,-95,223,1
3.645333333333333,0.01,31.94,36.53333333333333,-70,1101,14.105666666666668,0.12,31.94,-1.6333333333333333,-336,97,15.561000000000002,0.06,31.69,4.166666666666667,-175,212,3908.129666666667,3905.37,3910.24,-8.533333333333333,-80,32,1471.5900000000004,1.46,3995.98,2161.733333333333,-105,64802,2516.6953333333336,2.44,3995.91,21.366666666666667,-143,849,1
19.285333333333334,0.0,31.95,14.2,-64,331,29.21733333333334,0.1,31.7,60.6,-75,914,12.861333333333334,0.02,31.97,-7.933333333333334,-135,60,3909.007333333333,3907.32,3911.22,5.333333333333333,-32,48,2400.301333333334,17.07,3982.26,6.8,-79,209,2915.2200000000003,14.02,3993.54,-3.3333333333333335,-146,65,1
2.83046511627907,0.0,32.0,-1527.7441860465117,-65527,161,12.23302325581395,0.02,31.97,2.2093023255813953,-218,444,19.136046511627907,0.08,31.99,0.06976744186046512,-245,407,3908.9946511627913,3906.34,3912.2,4.837209302325581,-64,64,2061.661860465116,3.11,3995.12,-1530.093023255814,-65519,274,1868.633488372093,0.0,3995.85,-1526.4418604651162,-65514,91,1
27.26,0.28,31.92,-27.142857142857142,-415,171,31.475238095238097,30.93,31.95,-63.0,-1554,615,2.1290476190476193,0.21,31.92,-3004.2380952380954,-65367,2530,3911.034285714286,3909.27,3913.17,8.380952380952381,-48,48,2292.401904761905,2.99,3993.48,35.42857142857143,-270,986,1922.2552380952384,2.5,3987.93,2.761904761904762,-45,55,1
2.2928571428571423,0.09,28.58,189.42857142857142,-263,3367,5.537857142857143,0.17,31.97,-5364.071428571428,-65404,54551,27.134999999999998,0.17,31.99,-185.07142857142858,-64973,62713,3914.3564285714288,3911.22,3916.1,-3.4285714285714284,-32,64,1477.4514285714286,2.68,3986.46,-11.285714285714286,-283,70,1120.1221428571428,4.88,3995.85,-0.42857142857142855,-65525,64787,1
4.46,0.09,31.91,-80.4,-873,37,11.863999999999997,0.17,31.94,-4640.466666666666,-65373,121,31.408000000000005,29.05,31.94,-4270.533333333334,-65096,1042,3915.7720000000004,3914.15,3917.07,0.0,-64,48,1633.846666666667,5.91,3991.65,89.06666666666666,-64,1298,2124.2473333333332,1.1,3995.49,42.333333333333336,-65521,65510,1
27.168571428571425,0.01,31.99,15.357142857142858,-54,704,30.413809523809526,0.02,31.77,-12.5,-586,235,18.521190476190476,0.08,31.99,17.452380952380953,-164,810,3896.1211904761903,3893.66,3898.54,4.571428571428571,-48,64,2175.8261904761903,2.8,3992.8,17.452380952380953,-34,629,1806.054285714286,0.98,3984.21,18.61904761904762,-23,731,1
22.821875,0.01,31.98,-5.34375,-245,275,30.258125,1.16,31.88,-9.03125,-219,96,6.2740625,0.11,31.94,20.90625,-43,217,3896.0675,3893.66,3898.54,1.5,-64,48,2966.0353125,4.33,3991.71,-2048.9375,-65314,176,2377.0168750000003,1.89,3993.48,-6.40625,-284,89,1
19.428709677419356,0.02,32.0,-2093.0,-65522,1049,29.160000000000004,0.07,31.56,-2056.935483870968,-63746,287,14.732580645161294,0.08,31.98,-1.6774193548387097,-442,127,3895.8945161290326,3893.66,3897.56,-5.161290322580645,-48,48,2201.8483870967743,3.23,3992.68,-17.677419354838708,-526,124,2173.485806451613,0.12,3991.71,2124.935483870968,-251,65532,1
18.74970588235294,0.01,32.0,-1948.264705882353,-65526,100,29.372058823529414,0.1,31.95,-26.764705882352942,-722,276,14.295882352941176,0.04,31.9,49.411764705882355,-78,1412,3895.149705882353,3893.66,3897.56,3.2941176470588234,-48,48,2106.750882352941,0.24,3992.56,1913.4117647058824,-1056,65528,1649.7014705882352,1.4,3993.84,-0.20588235294117646,-89,72,1
20.124333333333336,0.01,31.99,-15.133333333333333,-416,96,30.065,0.86,31.89,-24.533333333333335,-380,123,18.442999999999994,0.25,31.98,59.3,-328,1230,3895.414666666668,3893.66,3897.56,4.8,-32,64,2008.8319999999997,5.98,3991.89,2252.9333333333334,-91,65286,2795.8273333333336,1.46,3991.77,-16.3,-487,234,1
22.632666666666665,0.01,31.96,1.9555555555555555,-425,495,29.899555555555562,0.23,31.92,8.177777777777777,-121,253,11.682000000000004,0.0,31.99,-28.42222222222222,-1478,223,3894.937777777778,3891.71,3896.59,5.333333333333333,-48,80,2236.3784444444445,2.93,3994.09,-8.355555555555556,-139,84,2656.7439999999997,1.4,3995.79,-3.4,-88,54,1
23.084210526315786,0.04,32.0,69.0,-71,1309,30.865789473684213,24.7,31.76,-67.6842105263158,-1286,59,10.392631578947368,0.07,31.95,33.31578947368421,-320,1167,3893.708947368421,3892.68,3895.61,10.947368421052632,-32,48,2114.1873684210527,10.67,3981.22,-14.421052631578947,-1285,585,2254.012631578947,8.78,3995.67,-3449.0526315789475,-65445,67,1
19.07911111111111,0.0,31.99,-1449.6,-65504,221,29.26888888888889,0.39,31.92,17.22222222222222,-50,230,15.089555555555554,0.03,31.99,4.377777777777778,-151,297,3893.115555555555,3890.73,3894.63,2.488888888888889,-64,48,2222.554666666667,5.37,3996.04,-30.68888888888889,-798,76,3001.2853333333333,6.04,3995.91,-1.6,-134,80,1
22.910833333333333,0.01,32.0,26.055555555555557,-51,835,29.564166666666665,0.06,31.81,8.222222222222221,-201,198,15.204166666666664,0.02,31.95,-23.02777777777778,-658,37,3892.7091666666665,3890.73,3895.61,0.4444444444444444,-64,64,2331.6275,3.29,3995.3,1779.25,-207,64185,2427.781111111111,2.93,3992.93,16.166666666666668,-45,566,1
22.2935,0.0,31.99,1598.25,-636,64887,30.422000000000004,0.36,31.59,-18.475,-887,168,13.05625,0.02,31.99,1656.1,-80,65477,3891.5604999999996,3890.73,3893.66,3.2,-32,64,2587.8385000000003,4.88,3994.88,-20.175,-352,102,2193.226,1.04,3993.96,-11.225,-272,83,1
22.259230769230765,0.07,31.89,37.53846153846154,-121,1143,22.775384615384617,0.11,31.98,1.2564102564102564,-413,253,18.12769230769231,0.01,32.0,-1765.948717948718,-65470,104,3900.312564102564,3897.56,3903.41,-0.41025641025641024,-48,48,2334.184102564103,14.21,3994.76,22.897435897435898,-195,732,1922.4897435897437,0.85,3994.33,1698.923076923077,-29,65519,1
15.272285714285713,0.07,31.97,10.314285714285715,-623,651,24.280571428571424,0.07,31.99,-26.02857142857143,-710,198,7.716857142857142,0.05,31.98,11.142857142857142,-593,595,3899.540285714286,3897.56,3902.44,6.4,-64,64,2041.7277142857147,3.78,3990.3,12.257142857142858,-308,336,1705.3922857142854,1.77,3994.45,-6.257142857142857,-323,115,1
27.848108108108104,0.05,31.98,-28.243243243243242,-902,67,24.75162162162162,0.02,31.97,1774.4054054054054,-64,65445,19.78756756756757,0.01,31.98,31.16216216216216,-57,1225,3899.5127027027033,3897.56,3902.44,1.2972972972972974,-48,48,1616.5778378378377,6.89,3994.39,-22.675675675675677,-733,113,2069.810810810811,5.06,3995.61,-3544.7297297297296,-65521,87,1
14.325333333333337,0.04,31.97,18.866666666666667,-152,760,27.387333333333334,0.23,31.88,-76.9,-2268,365,10.223666666666666,0.01,31.98,-80.63333333333334,-3194,619,3898.9926666666656,3896.59,3902.44,4.266666666666667,-64,48,2366.8226666666665,6.28,3983.23,37.4,-139,905,1597.6436666666666,0.0,3995.06,2179.0333333333333,-126,65533,1
13.350000000000001,0.08,31.98,-2136.935483870968,-65412,811,26.289032258064516,0.02,31.91,-22.838709677419356,-696,326,9.65967741935484,0.01,31.97,6.193548387096774,-119,303,3898.7577419354834,3896.59,3901.46,4.129032258064516,-48,48,2668.574516129033,8.6,3990.43,42.12903225806452,-145,453,1936.1012903225806,3.54,3995.79,-2110.6774193548385,-65521,329,1
18.3904347826087,0.1,31.98,-1398.0217391304348,-65492,857,27.33086956521739,0.06,31.9,7.1521739130434785,-128,380,10.716304347826087,0.0,31.95,1508.5869565217392,-61487,65525,3897.2656521739123,3895.61,3899.51,-3.130434782608696,-64,64,2510.4199999999996,9.82,3994.39,3.3260869565217392,-103,489,1657.171304347826,1.22,3993.9,-24.108695652173914,-730,29,1
18.804444444444442,0.06,32.0,2410.1111111111113,-371,65390,25.651851851851855,0.07,31.96,20.0,-227,267,10.815925925925926,0.0,31.95,0.37037037037037035,-138,180,3897.815555555555,3895.61,3900.49,-5.925925925925926,-64,32,2067.315555555556,14.21,3982.5,-22.814814814814813,-286,397,1922.712592592593,2.01,3995.0,-15.666666666666666,-398,49,1
16.45742857142857,0.03,31.91,7.857142857142857,-290,546,25.282285714285713,0.17,31.97,-2.257142857142857,-230,88,10.281142857142859,0.05,31.96,-18.857142857142858,-650,73,3897.4788571428576,3895.61,3898.54,-4.571428571428571,-48,48,1709.3165714285715,2.01,3995.79,1860.4857142857143,-214,65340,2165.193428571429,5.12,3995.79,-1865.9142857142858,-65531,356,1
18.294705882352943,0.02,31.97,-1911.264705882353,-65151,268,25.848823529411764,0.03,32.0,-14.676470588235293,-719,379,9.865,0.03,31.97,-1951.8235294117646,-65452,41,3896.3,3894.63,3898.54,-1.411764705882353,-64,48,2445.3038235294116,1.83,3994.33,14.5,-139,613,2103.314117647059,0.37,3995.91,-20.88235294117647,-65525,65383,1
10.747272727272728,0.06,31.84,7.121212121212121,-75,182,29.606666666666666,0.37,31.89,-69.84848484848484,-1912,67,13.668484848484848,0.02,31.99,8.06060606060606,-65519,65480,3895.313333333333,3893.66,3897.56,7.757575757575758,-64,48,2383.171212121212,0.3,3990.43,26.96969696969697,-78,686,1686.560606060606,5.73,3991.4,20.303030303030305,-29,368,1
7.732222222222221,0.29,32.0,-2431.1111111111113,-65514,34,27.011481481481482,0.07,31.97,-0.25925925925925924,-75,81,13.283333333333333,0.02,31.97,7.666666666666667,-127,165,3920.108518518519,3918.05,3922.93,0.0,-32,32,1789.9748148148149,1.59,3992.44,14.25925925925926,-35,316,1512.9622222222224,2.8,3994.7,-2.888888888888889,-80,90,1
7.009,0.13,31.98,-5.85,-105,64,27.773500000000002,0.03,31.98,2.425,-103,337,19.46275,0.01,31.98,1571.7,-2586,65520,3923.0005000000006,3920.98,3924.88,4.0,-64,64,1201.0669999999998,0.0,3995.98,-18.6,-678,23,1018.3805,0.55,3995.55,-30.15,-1348,75,1
9.934444444444443,0.01,31.98,18.11111111111111,-56,159,24.696666666666665,0.0,31.97,-7.518518518518518,-149,176,15.772592592592593,0.0,31.96,-44.51851851851852,-1090,318,3926.935185185185,3925.85,3928.78,0.0,-48,48,1495.871851851852,2.44,3994.7,4.37037037037037,-86,100,917.8477777777778,0.91,3994.63,-0.18518518518518517,-209,630,1
8.1315,0.04,31.99,3263.2,-116,65406,17.5465,0.0,31.97,-3270.45,-65411,59,0.7655000000000001,0.16,1.15,23.95,-41,231,3930.4399999999996,3927.8,3931.71,-0.8,-48,64,2209.5785000000005,2.68,3995.61,11.55,-33,136,1426.5489999999998,1.4,3993.54,-3299.2,-65469,27,1
7.778709677419355,0.03,31.97,15.096774193548388,-19,240,25.661935483870966,0.02,31.99,-45.03225806451613,-759,44,17.8058064516129,0.0,31.99,2110.6774193548385,-117,65523,3933.815161290323,3930.73,3936.59,-1.5483870967741935,-64,64,1422.9603225806452,0.43,3995.49,-0.22580645161290322,-225,251,1438.5980645161292,0.55,3995.0,6.387096774193548,-57,161,1
10.300384615384615,0.12,31.98,-30.615384615384617,-897,52,26.89807692307693,0.06,31.98,-2486.846153846154,-65499,607,0.43307692307692314,0.01,2.37,2593.0384615384614,-70,65521,3927.9157692307685,3926.83,3930.73,-1.8461538461538463,-48,48,1241.8746153846153,1.1,3993.54,5.653846153846154,-105,78,1242.9903846153845,2.2,3987.93,111.92307692307692,-132,2726,1
21.509,0.02,31.93,10.75,-170,483,16.749000000000002,0.0,31.97,-6.25,-276,88,0.56125,0.0,1.02,1609.4,-1432,65520,3926.36425,3923.9,3928.78,-2.0,-96,48,814.927,0.85,3994.57,0.475,-113,61,625.2902500000001,2.32,3995.43,-1596.8,-65524,1522,1
6.935599999999999,0.03,31.94,1.8,-46,154,26.6732,0.01,31.96,2604.52,-238,65499,11.761999999999999,0.01,32.0,-2625.68,-65512,50,3925.8916000000004,3923.9,3928.78,-10.24,-64,32,1445.2587999999998,0.61,3994.21,12.56,-35,199,1629.11,7.2,3995.61,-2605.84,-65527,227,1
17.631363636363638,0.0,31.99,2965.090909090909,-205,65530,10.18,0.09,31.83,34.5,-354,967,7.780909090909091,0.09,31.94,11.863636363636363,-174,377,3927.803636363636,3924.88,3929.76,-2.909090909090909,-64,64,1111.7677272727271,0.12,3995.73,20.181818181818183,-195,804,593.1681818181818,1.1,3995.55,25.818181818181817,-19,237,1
7.7069230769230765,0.03,31.71,-6.923076923076923,-67,55,22.09230769230769,0.08,31.97,2.1538461538461537,-55,88,2.9315384615384614,0.1,31.22,13.0,-56,163,3929.532307692308,3927.8,3930.73,-8.615384615384615,-48,32,1554.9015384615386,7.62,3994.94,5.769230769230769,-44,52,1270.5523076923077,27.68,3983.9,26.307692307692307,-78,117,1
15.313333333333333,0.23,31.89,-14.74074074074074,-170,29,31.235925925925926,30.16,31.75,-3.888888888888889,-83,95,1.497037037037037,0.08,31.13,8.592592592592593,-57,173,3904.714814814815,3901.46,3907.32,7.703703703703703,-64,48,2217.5522222222226,1.16,3994.39,-11.481481481481481,-93,76,1772.015925925926,0.24,3993.9,4.555555555555555,-25,152,1
14.419583333333334,0.06,31.93,17.458333333333332,-158,406,27.52916666666667,0.09,31.93,28.333333333333332,-48,280,7.090416666666667,0.12,31.97,-39.166666666666664,-338,61,3904.6749999999997,3902.44,3907.32,-0.6666666666666666,-48,48,2175.56125,0.85,3990.37,-2.0,-141,102,2293.49375,2.93,3993.6,18.0,-16,187,1
18.126363636363635,0.01,31.84,5.757575757575758,-269,275,27.453333333333333,0.0,31.95,-1998.909090909091,-65347,158,20.222424242424243,0.08,31.99,4.363636363636363,-177,232,3903.7393939393937,3900.49,3905.37,2.4242424242424243,-48,64,2782.48696969697,16.59,3994.51,-1996.060606060606,-65236,482,2194.011515151515,2.26,3989.94,1.303030303030303,-132,164,1
17.66805555555555,0.0,31.94,1813.388888888889,-96,65519,30.529444444444444,0.25,31.94,-4.833333333333333,-87,70,5.6530555555555555,0.02,31.98,-3.6666666666666665,-129,41,3903.277777777778,3900.49,3905.37,0.8888888888888888,-32,64,2538.465277777778,10.43,3993.41,-6.444444444444445,-197,60,2113.729722222222,1.77,3993.48,-3.888888888888889,-111,46,1
13.690322580645164,0.07,32.0,-2114.7741935483873,-65533,142,31.29193548387096,30.58,31.94,20.0,-289,879,3.520322580645161,0.03,31.74,-21.193548387096776,-723,84,3903.1619354838713,3900.49,3905.37,-8.774193548387096,-64,32,2202.7935483870965,0.43,3993.23,-1.935483870967742,-218,380,1931.8129032258064,0.18,3995.49,11.935483870967742,-52,230,1
16.612222222222222,0.02,31.99,-2399.4444444444443,-65366,279,28.995185185185186,0.04,31.97,-17.14814814814815,-276,147,1.7370370370370365,0.22,31.29,-22.85185185185185,-380,70,3902.0044444444447,3900.49,3903.41,5.925925925925926,-32,64,1943.8414814814812,7.62,3995.67,-2442.0,-65529,397,1774.4644444444446,3.29,3994.51,13.62962962962963,-161,347,1
13.661052631578947,0.02,31.98,-4.473684210526316,-77,56,29.74947368421053,0.12,31.92,23.94736842105263,-42,179,7.185789473684211,0.13,31.82,3.0,-172,143,3901.4110526315794,3899.51,3903.41,5.052631578947368,-32,48,2531.0468421052633,22.01,3990.3,0.10526315789473684,-57,253,1269.3352631578948,1.4,3967.87,-12.789473684210526,-107,59,1
21.61387096774194,0.13,31.97,-5.193548387096774,-200,72,30.207096774193555,0.48,31.96,-2.5161290322580645,-94,41,19.628064516129033,0.02,31.96,-4.548387096774194,-109,36,3900.3306451612907,3898.54,3902.44,5.67741935483871,-64,48,2572.0509677419345,2.68,3995.91,-2121.6129032258063,-65519,66,2572.436774193548,0.79,3992.74,-2108.483870967742,-65436,22,1
13.30409090909091,0.05,31.99,-16.727272727272727,-105,78,29.782727272727275,0.03,31.99,33.72727272727273,-87,200,4.6463636363636365,0.03,31.9,-0.18181818181818182,-138,93,3900.8863636363644,3899.51,3902.44,-12.363636363636363,-64,32,2003.198181818182,5.06,3992.93,14.136363636363637,-149,392,1824.4540909090904,9.33,3987.44,-10.454545454545455,-135,80,1
7.127142857142856,0.05,31.98,22.857142857142858,-136,268,31.259999999999998,30.56,31.76,-18.607142857142858,-320,125,2.7703571428571436,0.06,31.6,-5.928571428571429,-113,44,3899.8607142857145,3897.56,3901.46,4.0,-32,96,2147.2925,3.35,3994.39,-3.75,-128,130,2146.0260714285714,1.28,3995.85,1.9642857142857142,-41,149,1
31.579,31.48,31.68,0.0,-19,19,31.485999999999997,31.37,31.58,5.6,-20,23,0.625,0.58,0.67,12.5,-6,56,3906.8289999999993,3904.39,3909.27,8.0,-16,32,1603.804,0.0,3992.8,6558.1,-11,65533,2000.7510000000002,5.37,3995.98,-1.3,-11,6,0
31.558,31.55,31.58,-3.7,-24,11,31.547000000000004,31.53,31.57,3.1,-7,13,0.642,0.63,0.65,1.2,-25,26,3906.344,3905.37,3907.32,0.0,-16,32,1597.421,0.24,3993.9,6552.4,-6,65530,1996.6530000000002,0.0,3995.49,6554.1,-5,65530,0
31.285000000000004,30.75,31.72,13.4,-42,188,31.588,31.38,31.93,1.2,-123,121,12.819999999999999,0.17,31.9,-8.7,-83,30,3906.5369999999994,3905.37,3908.29,-3.2,-32,48,1998.6769999999997,11.46,3967.87,-26.2,-104,103,873.1880000000001,23.9,3991.95,5.2,-23,22,0
31.198,31.0,31.47,4.5,-52,63,28.471999999999998,0.09,31.96,6.2,-27,110,31.432,31.06,31.73,-6.5,-38,21,3906.245,3904.39,3907.32,3.2,-16,32,1955.9080000000001,24.63,3978.35,18.1,-118,162,1605.4630000000002,9.57,3991.34,9.5,-11,39,0
31.593,31.01,31.85,0.0,-19,17,31.285999999999994,30.98,31.84,1.4,-45,43,31.525,31.11,31.82,-4.4,-63,24,3906.148,3905.37,3907.32,-12.8,-32,32,874.017,2.62,3992.74,-18.6,-70,28,2392.799,3.84,3988.48,3.3,-20,42,0
31.475,30.46,31.86,-12.0,-59,9,31.343,31.01,31.83,0.2,-35,29,25.388,0.03,31.96,10.9,-59,107,3906.2460000000005,3904.39,3907.32,-4.8,-48,32,2020.2130000000004,16.77,3971.95,-38.0,-159,40,2786.72,14.76,3987.26,1.8,-47,54,0
25.297000000000004,0.14,31.98,-13.9,-39,35,31.105,30.32,31.76,-28.0,-88,37,31.477999999999998,30.96,31.94,15.2,-29,59,3906.048,3904.39,3906.34,6.4,-32,32,3538.1100000000006,138.72,3969.21,17.3,-98,105,2385.726,23.41,3988.23,-0.8,-60,48,0
18.95,0.0,31.84,6558.1,-34,65526,31.041000000000004,30.6,31.28,4.4,-123,174,22.223,0.02,31.98,-17.9,-284,77,3905.755,3904.39,3908.29,8.0,-32,48,1672.3709999999999,37.93,3970.85,23.0,-91,160,2015.8229999999999,35.0,3992.01,13.8,-25,104,0
31.541000000000004,31.38,31.7,1.8,-20,22,31.160999999999994,30.87,31.47,13.7,-62,46,3.4299999999999997,0.06,31.94,6.1,-63,51,3905.756,3903.41,3907.32,-3.2,-48,48,1206.474,0.61,3968.35,17.8,-44,65,1608.159,5.3,3990.18,-3.8,-25,13,0
31.409999999999997,31.27,31.5,1.9,-38,52,31.308,31.01,31.69,-0.8,-104,81,28.559999999999995,0.14,31.94,-43.9,-278,27,3906.05,3904.39,3907.32,3.2,-16,32,1581.0799999999997,22.99,3974.02,-15.4,-132,97,1204.2930000000001,2.87,3979.09,7.5,-22,68,0
31.397000000000002,31.28,31.5,-11.1,-49,21,31.232999999999997,30.95,31.39,-8.2,-60,42,31.768,31.56,31.93,21.4,-34,123,3905.7570000000005,3904.39,3907.32,-1.6,-32,32,1218.3609999999996,15.43,3959.27,-14.7,-63,71,417.646,3.11,3981.46,-4.1,-32,19,0
31.269,30.87,31.67,3.6,-34,41,31.419999999999998,31.02,31.72,12.8,-43,134,25.538,0.15,31.99,-10.6,-45,31,3905.7580000000003,3904.39,3907.32,-3.2,-48,64,1998.9869999999999,7.8,3939.02,-2.4,-72,80,1191.775,3.48,3948.41,12.7,-31,38,0
31.002999999999997,30.86,31.26,3.9,-16,27,31.586999999999996,31.32,31.92,5.0,-18,39,31.866000000000003,31.68,31.99,0.6,-19,15,3905.3660000000004,3903.41,3907.32,4.8,0,16,1222.9940000000001,0.18,3991.16,-1.6,-97,51,1208.9,0.24,3993.23,6553.3,-5,65531,0
12.806999999999999,0.19,31.79,4.1,-21,27,31.321000000000005,31.18,31.49,0.8,-36,52,31.447000000000003,31.19,31.79,-4.4,-47,41,3905.5619999999994,3904.39,3906.34,-16.0,-48,16,2364.896,17.2,3992.07,1.3,-45,47,64.825,9.82,177.8,3.9,-15,30,0
0.662,0.62,0.72,-0.8,-12,9,31.3,31.23,31.35,5.8,-4,17,31.544999999999998,31.47,31.7,3.1,-12,21,3904.585,3903.41,3906.34,-4.8,-48,48,817.3720000000001,5.79,3986.77,1.5,-9,16,1202.3300000000002,2.2,3993.54,0.0,-8,4,0
0.7829999999999999,0.7,0.89,-2.6,-25,15,31.342000000000002,31.24,31.51,-9.2,-95,24,19.12,0.05,31.93,3.2,-168,58,3904.977,3903.41,3906.34,-3.2,-32,32,1215.7069999999999,1.59,3991.71,11.5,-54,55,1999.0989999999997,1.89,3995.98,-1.4,-25,51,0
0.518,0.23,0.82,-7.2,-46,23,31.099,30.74,31.7,0.8,-44,43,31.643,30.95,31.94,8.2,-31,108,3905.0729999999994,3903.41,3906.34,6.4,-48,32,3197.7120000000004,102.8,3981.22,12.5,-41,69,2401.391,9.45,3994.88,-4.0,-18,32,0
0.43999999999999995,0.24,0.58,2.5,-56,25,31.103999999999996,30.73,31.34,-9.8,-125,83,31.516999999999996,31.21,31.87,-15.6,-74,45,3905.1730000000002,3904.39,3907.32,-9.6,-32,16,2369.201,22.87,3958.41,5.7,-86,61,1605.5479999999998,2.8,3991.46,6.5,-37,71,0
0.255,0.02,0.69,-4.1,-21,11,31.109999999999996,30.72,31.41,2.5,-37,49,31.502999999999997,31.02,31.69,-10.0,-31,14,3904.585,3903.41,3906.34,12.8,0,32,2774.2239999999997,67.13,3960.24,-9.0,-100,79,142.86,31.59,219.15,0.0,-27,13,0
0.21400000000000002,0.07,0.32,-2.3,-26,19,31.061999999999994,30.87,31.33,-11.2,-48,19,31.477999999999998,31.21,31.82,-3.0,-53,35,3904.9770000000003,3904.39,3906.34,-20.8,-48,0,2001.1600000000003,2.2,3978.54,6549.3,-43,65498,2003.462,9.82,3987.56,-5.9,-43,11,0
15.864999999999998,0.04,31.93,0.6,-57,53,31.177999999999997,30.79,31.91,11.4,-46,89,9.541,0.08,31.24,6497.3,-22,64866,3904.293,3902.44,3905.37,1.6,-48,32,1990.818,58.66,3978.11,30.4,-111,126,1233.243,4.39,3995.73,-6538.8,-65383,10,0
31.473000000000003,31.25,31.79,1.5,-21,18,31.262999999999998,31.09,31.55,2.8,-27,36,31.581,31.2,31.87,-2.0,-30,23,3904.2920000000004,3902.44,3906.34,-4.8,-32,32,473.713,5.85,3956.28,-1.6,-49,46,446.31200000000007,0.0,3992.93,6554.3,-7,65533,0
31.203999999999997,30.82,31.56,-0.9,-14,29,31.478,31.09,31.79,-6.9,-35,29,25.378999999999998,0.01,31.89,-4.2,-51,35,3903.511,3901.46,3904.39,-1.6,-32,32,3130.403,37.2,3985.18,-6.4,-44,51,3151.08,3.17,3979.7,-5.6,-22,14,0
22.139000000000003,0.02,31.94,10.9,-15,31,31.494,31.26,31.75,-1.8,-44,45,28.040000000000003,0.03,31.88,-7.1,-37,37,3903.512,3901.46,3905.37,6.4,-48,48,2324.3360000000002,40.79,3993.72,-3.1,-141,136,1284.549,12.62,3962.74,15.2,-17,43,0
0.733,0.41,1.01,-0.3,-28,35,31.597,31.22,31.91,-14.6,-32,15,28.447999999999997,0.02,31.92,3.1,-36,30,3903.2169999999996,3902.44,3904.39,0.0,-16,16,3177.584,55.18,3985.79,9.3,-30,58,2771.585,28.17,3994.51,-11.7,-32,5,0
25.290000000000003,0.07,31.85,-6.4,-36,20,31.141999999999996,30.82,31.33,-14.7,-69,20,31.424,31.11,31.54,5.3,-49,52,3904.097,3902.44,3906.34,-20.8,-64,0,1600.599,7.44,3992.99,-10.2,-43,94,3161.8779999999997,0.3,3993.41,0.0,-23,19,0
31.639,31.53,31.71,-1.3,-32,23,31.475,31.17,31.65,12.1,-19,68,31.130999999999993,30.99,31.41,-2.6,-53,46,3903.218,3901.46,3904.39,8.0,-32,48,3552.543,4.51,3983.96,-1.5,-81,55,1200.012,0.0,3995.85,6553.0,-5,65535,0
31.599,31.46,31.74,-1.5,-27,46,31.55,31.46,31.7,-0.9,-24,30,31.092999999999996,31.01,31.21,-6.8,-47,24,3903.6090000000004,3901.46,3905.37,3.2,-16,32,1603.842,2.01,3983.6,2.6,-29,35,1994.8159999999996,1.34,3991.46,0.8,-9,20,0
31.45,31.24,31.57,0.1,-32,11,31.482,31.25,31.6,0.7,-24,23,31.195999999999998,31.07,31.31,3.3,-32,31,3904.293,3902.44,3905.37,-1.6,-32,32,2774.177,11.16,3970.61,2.9,-21,25,3176.5260000000003,42.93,3993.54,3.6,-14,35,0
31.637,31.5,31.79,-7.5,-88,23,31.424,31.34,31.52,-21.0,-168,18,31.125,30.83,31.37,-0.4,-26,93,3903.707000000001,3901.46,3905.37,-1.6,-48,32,14.970000000000002,2.99,31.28,14.0,-22,106,1207.731,4.63,3983.29,2.3,-13,30,0
31.287,30.86,31.54,5.7,-10,21,31.419,31.15,31.81,-3.7,-22,13,31.615000000000002,31.29,31.85,2.5,-22,22,3903.315000000001,3902.44,3904.39,8.0,-32,48,878.8779999999999,15.67,3986.16,8.4,-90,42,2801.03,59.82,3989.51,-0.5,-13,17,0
31.056,30.92,31.2,5.0,-14,18,31.723000000000003,31.64,31.76,-5.2,-23,6,31.860000000000003,31.83,31.92,0.2,-29,20,3903.804,3902.44,3905.37,-4.8,-48,32,1250.5549999999998,4.63,3994.21,-3.4,-12,8,1213.5729999999999,0.61,3995.67,-1.4,-13,8,0
31.061999999999994,30.96,31.14,-0.9,-22,10,31.702999999999996,31.64,31.77,2.9,-15,12,22.333,0.0,31.95,0.1,-18,21,3903.9009999999994,3901.46,3905.37,-9.6,-32,48,3948.293,3874.33,3970.79,-0.9,-9,7,3973.2119999999995,3947.07,3988.48,-2.4,-9,3,0
31.465999999999998,31.06,31.75,1.6,-16,13,31.220999999999997,30.93,31.6,-18.4,-67,9,15.912,0.01,31.76,0.0,-26,30,3903.315000000001,3901.46,3904.39,8.0,-16,32,3137.422,7.26,3952.13,-3.3,-56,41,2771.5860000000002,4.7,3995.43,3.7,-5,15,0
31.481,31.38,31.67,6.9,-29,94,31.197999999999997,30.72,31.62,-11.4,-93,51,31.435000000000002,31.34,31.72,-6.5,-41,24,3903.022,3901.46,3904.39,0.0,-32,32,1991.3349999999998,5.24,3983.84,28.6,-50,85,827.7139999999999,5.49,3993.23,3.0,-26,70,0
31.639,31.51,31.77,6.8,-14,31,31.145000000000003,30.96,31.37,-3.2,-44,27,19.027,0.06,31.94,10.5,-9,34,3902.9260000000004,3901.46,3904.39,8.0,-16,32,845.7139999999999,30.24,3969.21,-5.7,-53,63,1212.969,0.49,3991.65,-4.6,-22,11,0
31.738,31.66,31.79,-2.8,-17,21,31.169,31.02,31.33,4.1,-13,29,0.267,0.1,0.45,-1.6,-20,26,3904.1950000000006,3902.44,3906.34,-12.8,-64,16,36.293,3.48,81.95,-16.7,-70,13,2398.543,8.9,3995.24,-0.5,-8,7,0
22.249,0.02,31.86,5.6,-6,13,31.264,31.06,31.37,-7.6,-25,20,3.6689999999999996,0.3,31.95,-14.4,-61,7,3903.3170000000005,3901.46,3905.37,4.8,-64,64,2750.475,6.34,3990.79,-2.3,-53,30,3187.579,11.46,3992.5,1.8,-16,22,0
19.171,0.04,31.99,10.4,-24,55,30.893,30.52,31.27,-14.0,-56,34,28.574,0.01,31.95,-18.7,-65,63,3903.999,3902.44,3905.37,-12.8,-48,32,2389.932,30.24,3989.63,33.6,-102,165,3589.293,42.87,3994.88,-6547.7,-65510,42,0
28.706,0.01,31.98,2.0,-26,19,31.008999999999997,30.78,31.21,1.9,-95,90,22.411,0.14,31.96,-6538.3,-65428,45,3904.097,3901.46,3905.37,-6.4,-48,64,2006.9329999999998,16.34,3993.17,-7.1,-131,30,3972.0859999999993,3926.89,3995.24,-3.4,-17,8,0
18.929,0.17,31.91,-3.7,-45,51,31.406,31.22,31.85,-114.5,-1049,44,3.7629999999999995,0.14,31.96,58.2,-71,656,3903.6090000000004,3901.46,3905.37,0.0,-48,64,1999.554,3.17,3990.06,6500.5,-475,65443,2010.819,2.93,3962.26,-35.1,-410,46,0
25.406,0.06,31.98,-3.3,-28,8,31.099,30.77,31.51,1.5,-22,83,6.706,0.1,31.98,-8.2,-48,26,3903.3160000000003,3901.46,3904.39,-4.8,-32,32,2378.006,2.8,3983.78,-10.1,-55,64,2374.2930000000006,25.49,3985.3,-3.0,-27,17,0
0.33499999999999996,0.06,0.49,2.7,-9,24,31.083,30.9,31.19,-6.4,-45,15,6.481999999999999,0.03,31.82,0.8,-35,41,3903.3170000000005,3901.46,3905.37,-4.8,-48,16,2785.8669999999997,14.82,3991.16,5.8,-37,114,3149.4880000000003,0.55,3983.35,-1.1,-9,11,0
0.272,0.1,0.43,-2.3,-33,43,31.026999999999997,30.95,31.11,-2.7,-25,19,31.645,31.45,31.82,0.7,-27,24,3903.6090000000004,3902.44,3905.37,-12.8,-64,16,3185.068,13.72,3993.48,10.9,-12,48,1223.6219999999998,5.85,3984.51,2.6,-9,13,0
12.758,0.03,31.88,-3.5,-39,28,31.053000000000004,30.89,31.29,4.8,-36,33,31.758,31.22,31.97,-17.8,-101,23,3902.1459999999997,3900.49,3904.39,11.2,-32,32,2007.7870000000003,24.02,3995.0,-16.9,-94,55,2083.591,8.9,3994.94,8.9,-34,93,0
31.498,30.92,31.96,-2.2,-40,16,31.339,30.97,31.77,-1.1,-23,28,31.703999999999997,31.5,31.88,7.2,-19,36,3902.535,3901.46,3904.39,6.4,-32,48,2764.901,2.13,3990.18,-3.3,-30,75,2790.306,47.68,3979.21,-5.3,-30,55,0
21.83,0.01,31.81,3.7,-15,32,31.23,31.01,31.45,27.4,-47,160,31.518,30.85,31.91,-4.1,-90,129,3902.4380000000006,3901.46,3903.41,1.6,-32,48,1207.019,9.27,3983.11,-18.5,-172,121,2798.129,9.76,3995.79,-6557.1,-65530,26,0
0.5930000000000001,0.47,0.97,10.5,-38,78,31.296999999999997,30.45,31.65,29.2,-32,152,15.837,0.0,31.99,6544.0,-94,65515,3902.2419999999997,3901.46,3903.41,11.2,-16,32,2062.013,36.34,3985.18,-15.2,-145,68,2794.176,13.05,3993.78,13.1,-29,51,0
18.838,0.04,31.93,-16.9,-119,15,31.129,30.8,31.4,18.0,-17,91,19.292,0.27,32.0,24.8,-14,244,3902.828,3902.44,3903.41,-8.0,-32,16,1604.2009999999998,7.38,3957.99,19.6,-47,110,2016.975,14.57,3995.85,-6557.1,-65532,21,0
31.201,30.89,31.53,1.5,-15,17,31.598000000000003,31.28,31.85,-2.0,-16,12,19.191,0.01,32.0,6553.1,-31,65519,3902.7300000000005,3900.49,3904.39,0.0,-32,32,2366.476,19.51,3977.87,-1.4,-42,24,3559.1639999999998,7.56,3994.27,-5.3,-16,8,0
31.776,31.64,31.92,-5.6,-26,8,31.041000000000004,30.72,31.24,0.4,-30,31,25.504,0.01,31.96,0.9,-34,84,3901.853,3900.49,3903.41,4.8,-32,32,2350.879,9.51,3979.7,2.9,-112,75,3549.999,21.65,3982.07,-2.8,-21,9,0
31.558999999999997,31.17,31.75,4.8,-14,26,31.096999999999998,30.62,31.31,-0.3,-15,17,31.673000000000002,31.55,31.74,0.3,-32,24,3901.951,3900.49,3904.39,-9.6,-48,32,1619.0670000000002,22.32,3991.77,2.0,-30,27,1612.976,26.59,3966.52,2.7,-14,20,0
31.574,31.41,31.91,2.4,-17,30,31.148999999999994,30.9,31.23,0.3,-16,20,28.580000000000002,0.23,31.9,-1.3,-20,14,3901.4630000000006,3899.51,3903.41,11.2,-32,32,37.737,13.72,70.91,1.4,-23,30,835.4399999999999,10.55,3988.23,-1.0,-12,13,0
31.663,31.35,31.79,7.2,-19,56,31.285000000000004,30.95,31.74,31.8,-50,96,3.617,0.16,31.96,-6.8,-40,52,3901.4630000000006,3899.51,3902.44,4.8,-16,48,454.525,11.34,3862.26,-7.5,-123,52,2384.025,1.04,3992.44,3.7,-17,43,0
28.354000000000003,0.0,31.93,6529.3,-82,65532,31.167999999999996,30.86,31.49,-18.3,-74,28,16.034,0.24,31.93,8.6,-26,31,3901.95,3899.51,3903.41,-9.6,-32,32,3534.8910000000005,48.05,3968.54,-13.0,-86,60,2411.165,10.43,3965.55,-9.2,-57,20,0
31.574,31.31,31.79,8.7,-23,39,31.229999999999997,30.96,31.52,21.0,-10,58,31.391000000000002,31.18,31.56,-11.7,-58,20,3901.657,3899.51,3903.41,-1.6,-32,32,2375.639,12.8,3988.6,-15.3,-73,34,1605.0430000000001,7.2,3993.05,2.7,-20,26,0
15.85,0.08,31.65,3.2,-30,62,25.427,0.06,31.88,15.2,-23,72,30.915999999999997,30.74,31.13,9.2,-75,115,3901.756,3900.49,3903.41,-11.2,-48,32,1999.39,4.21,3995.49,-51.3,-539,68,59.249999999999986,16.89,146.04,3.9,-23,24,0
0.22999999999999998,0.21,0.27,-0.7,-14,18,31.685000000000002,31.64,31.73,2.6,-42,40,30.939999999999998,30.88,31.07,-3.8,-26,37,3901.4619999999995,3900.49,3903.41,-3.2,-32,48,1599.94,0.43,3992.87,-3.2,-23,10,2790.2799999999997,0.3,3995.79,-0.4,-11,5,0
0.136,0.07,0.29,-3.7,-34,18,31.694,31.6,31.79,7.4,-22,74,30.913999999999998,30.82,31.02,-1.0,-44,30,3901.3659999999995,3900.49,3903.41,8.0,-16,32,2001.441,9.7,3991.46,7.7,-17,35,3587.506,5.98,3994.51,-2.5,-7,3,0
0.10200000000000001,0.06,0.18,0.9,-23,18,31.728,31.62,31.85,1.4,-11,19,30.900000000000006,30.83,30.95,4.9,-17,31,3902.4379999999996,3901.46,3904.39,-20.8,-64,32,2393.334,0.49,3991.04,1.1,-16,19,1998.81,2.68,3993.23,2.7,-7,11,0
6.426,0.02,31.98,0.8,-11,26,31.746999999999996,31.66,31.9,-0.2,-27,21,30.883999999999997,30.82,31.0,8.5,-32,53,3902.0480000000002,3900.49,3903.41,0.0,-32,32,1205.523,0.67,3995.06,-6556.6,-65516,7,3190.786,5.3,3994.88,1.4,-12,7,0
19.064,0.06,31.97,-3.3,-233,104,28.171000000000003,0.09,31.6,-31.1,-116,38,31.157999999999998,30.62,31.71,28.7,-191,609,3901.4629999999997,3899.51,3903.41,6.4,-48,64,1616.0549999999998,5.06,3974.88,6513.6,-117,65020,3573.843,1.77,3988.48,-1.5,-147,78,0
31.537,31.39,31.66,4.4,-18,29,31.257000000000005,31.16,31.44,-3.9,-24,21,31.377000000000002,31.29,31.46,5.1,-41,45,3902.4380000000006,3900.49,3904.39,-6.4,-64,48,2403.9700000000003,11.04,3995.91,-6555.9,-65533,27,2395.1400000000003,6.04,3994.51,-2.9,-20,19,0
31.383,31.27,31.47,-5.1,-20,13,31.343,31.17,31.52,-1.7,-10,7,31.502,31.42,31.57,5.0,-18,23,3902.1450000000004,3900.49,3904.39,1.6,-32,32,3180.172,26.22,3987.5,-0.5,-12,13,3577.7309999999998,15.91,3995.55,1.8,-9,14,0
31.342000000000002,31.25,31.5,1.8,-13,16,31.392000000000003,31.3,31.43,3.7,-15,21,31.501000000000005,31.43,31.58,2.0,-22,20,3902.536,3901.46,3904.39,-6.4,-48,32,809.1389999999999,4.27,3991.77,-1.2,-8,7,815.189,2.93,3993.72,2.3,-7,10,0
31.419,31.37,31.52,3.0,-10,18,31.307,31.17,31.39,2.1,-10,16,31.441000000000003,31.38,31.54,-8.9,-21,3,3902.0480000000002,3900.49,3903.41,1.6,-32,32,3586.318,0.73,3995.98,-6554.7,-65532,14,3181.4030000000002,0.79,3992.01,0.4,-10,6,0
12.791999999999998,0.01,31.98,6549.4,-30,65512,31.092999999999996,31.0,31.22,9.6,-9,31,22.161,0.13,31.92,7.7,-28,37,3902.4379999999996,3899.51,3904.39,0.0,-32,32,843.0009999999999,6.77,3987.2,-10.4,-82,28,1211.548,1.89,3995.37,-3.3,-14,7,0
3.2649999999999992,0.02,31.97,-1.3,-15,11,31.038,30.91,31.25,-2.4,-42,37,16.048,0.05,31.99,-6.4,-43,18,3902.1449999999995,3900.49,3904.39,9.6,-16,32,1587.708,4.21,3970.37,-13.9,-64,23,1205.9869999999999,4.45,3995.49,-1.6,-14,10,0
19.141,0.0,31.81,6542.0,-134,65506,30.969,30.64,31.46,32.0,-43,158,25.490000000000002,0.05,31.96,8.2,-52,123,3902.4380000000006,3900.49,3903.41,6.4,-32,48,1592.6889999999999,7.13,3982.44,22.0,-84,92,2787.3040000000005,0.24,3994.15,1.2,-48,27,0
9.639,0.01,31.9,6551.4,-12,65480,31.01,30.94,31.09,-6.2,-36,29,31.762,31.68,31.83,3.0,-19,22,3902.3399999999992,3900.49,3904.39,1.6,-48,32,3183.4889999999996,8.35,3989.15,-12.4,-38,22,804.61,0.18,3993.78,6553.5,-13,65531,0
0.36100000000000004,0.24,0.5,-0.4,-30,30,31.124000000000002,31.03,31.3,-6.5,-39,26,12.843,0.07,31.91,8.0,-12,55,3902.34,3899.51,3904.39,8.0,-32,32,828.079,15.49,3935.49,-5.5,-101,51,1203.093,0.43,3991.59,4.3,-6,34,0
0.394,0.3,0.48,-4.6,-17,11,31.217000000000002,30.73,31.64,3.2,-43,68,3.4579999999999997,0.12,31.7,-11.6,-31,17,3902.7309999999998,3901.46,3904.39,6.4,-32,32,1553.226,21.89,3979.63,-4.9,-108,133,2001.23,1.4,3994.02,4.0,-12,39,0
0.398,0.29,0.58,-5.8,-25,10,31.113000000000007,30.84,31.36,9.0,-29,64,15.925999999999998,0.06,31.87,13.1,-23,65,3902.828,3901.46,3904.39,8.0,-32,64,2413.3720000000003,58.05,3986.83,-3.0,-190,171,806.742,1.16,3980.61,-8.0,-29,3,0
12.895,0.01,31.97,0.5,-16,15,31.032999999999998,30.93,31.14,6.9,-7,24,31.549,31.47,31.72,-4.5,-34,38,3903.2180000000008,3901.46,3905.37,-19.2,-64,16,2786.315,0.43,3988.66,0.3,-14,22,2774.231,1.83,3991.46,2.2,-3,6,0
31.939,31.93,31.96,2.0,-14,20,31.051,30.96,31.08,-3.3,-20,9,31.512999999999998,31.48,31.53,-0.8,-18,11,3903.707,3901.46,3905.37,-11.2,-48,32,1999.932,1.16,3995.91,2.0,-1,10,2794.5800000000004,0.43,3994.39,-0.6,-6,3,0
3.408,0.01,31.99,-6.4,-34,6,31.028999999999996,30.96,31.17,3.5,-18,76,31.665000000000003,31.53,31.86,10.6,-2,29,3903.0229999999997,3900.49,3905.37,1.6,-48,80,25.834000000000003,1.52,118.11,8.3,-15,52,817.549,2.07,3993.48,-0.7,-18,8,0
0.516,0.44,0.58,-0.5,-15,14,31.264000000000003,31.12,31.46,1.1,-26,33,6.687,0.05,32.0,2.5,-22,25,3903.9019999999996,3902.44,3905.37,-9.6,-48,32,1225.25,9.39,3994.09,-4.4,-80,43,3577.597,9.33,3992.74,-1.9,-11,7,0
0.569,0.5,0.63,-0.5,-30,35,31.226,31.12,31.32,0.8,-19,61,0.28700000000000003,0.14,0.45,2.6,-16,28,3902.7310000000007,3901.46,3904.39,9.6,-48,48,2008.664,4.7,3966.52,14.3,-44,56,807.0899999999999,4.76,3983.35,-4.2,-18,5,0
0.458,0.09,0.68,-9.0,-34,19,31.421999999999997,31.18,31.66,-0.2,-21,11,0.49000000000000005,0.39,0.66,2.3,-32,35,3903.5099999999998,3902.44,3904.39,6.4,-32,32,1607.8419999999999,7.99,3983.72,-12.5,-49,17,1613.354,14.51,3993.72,4.4,-6,16,0
12.976999999999999,0.0,32.0,2.2,-31,37,31.238999999999997,30.88,31.56,9.3,-6,38,0.388,0.1,0.69,-9.6,-56,12,3903.4139999999998,3902.44,3905.37,4.8,-16,32,1596.427,6.65,3949.63,15.1,-31,60,1196.548,2.32,3968.41,-4.4,-33,7,0
0.708,0.68,0.73,5.4,-14,20,31.451999999999998,31.39,31.5,8.7,-11,27,0.369,0.33,0.39,12.8,-15,37,3903.415,3902.44,3905.37,4.8,-32,48,808.3729999999999,0.98,3994.45,-0.2,-20,14,1998.3790000000001,1.4,3996.04,-13104.5,-65530,6,0
0.6799999999999999,0.64,0.72,6.8,-12,27,31.405,31.37,31.43,3.1,-14,27,0.368,0.32,0.41,-0.3,-27,31,3904.097,3902.44,3905.37,-3.2,-48,32,2796.3129999999996,0.49,3995.98,-6553.6,-65534,6,1198.126,0.18,3992.8,13105.0,-6,65524,0
0.632,0.56,0.7,4.2,-20,30,31.373,31.23,31.55,2.9,-8,14,0.328,0.22,0.48,-1.7,-22,18,3903.707000000001,3902.44,3905.37,8.0,-32,64,2395.696,4.76,3991.1,-2.7,-17,32,3192.292,1.83,3995.12,0.1,-11,7,0
0.6009999999999999,0.55,0.63,5.1,-9,26,31.203999999999997,31.11,31.35,-1.5,-18,26,19.206,0.04,31.94,4.8,-41,35,3903.9010000000007,3901.46,3905.37,-1.6,-32,32,2783.8959999999997,14.63,3992.07,-3.9,-45,64,2000.4080000000001,0.85,3995.67,0.2,-7,11,0
0.6519999999999999,0.58,0.69,2.6,-14,27,31.421,31.22,31.52,-3.2,-24,16,0.36900000000000005,0.12,0.48,-2.4,-23,20,3904.782,3903.41,3905.37,-1.6,-64,32,833.5439999999999,13.9,3991.16,-4.8,-12,10,3593.072,1.4,3995.73,1.5,-3,6,0
0.671,0.66,0.68,-2.8,-15,12,31.446000000000005,31.42,31.48,0.1,-9,17,0.42700000000000005,0.39,0.47,-0.6,-14,11,3904.975000000001,3903.41,3906.34,-6.4,-32,32,2392.4880000000003,1.22,3995.37,-2.0,-13,11,1997.7809999999997,0.37,3995.43,1.4,-5,5,0
0.6659999999999999,0.64,0.7,-5.2,-21,9,31.596999999999998,31.46,31.72,3.2,-6,29,0.5409999999999999,0.44,0.63,-0.4,-40,31,3904.5860000000007,3902.44,3906.34,-1.6,-32,32,818.885,4.63,3980.49,-7.9,-32,13,2398.969,1.28,3996.04,-13103.9,-65532,10,0
0.584,0.47,0.68,-0.8,-18,13,31.432,31.14,31.62,12.2,-5,44,0.47000000000000003,0.12,0.65,9.9,-22,38,3904.5860000000002,3903.41,3905.37,6.4,-32,32,1592.672,42.2,3967.56,-2.2,-45,47,2397.847,1.04,3993.41,-1.2,-17,10,0
0.613,0.59,0.64,0.9,-17,9,31.445999999999998,31.36,31.52,-1.5,-11,15,0.483,0.44,0.54,0.2,-15,15,3904.7799999999997,3903.41,3906.34,8.0,-32,32,1206.2189999999998,0.06,3995.85,1.1,-65526,65529,2395.458,0.49,3994.94,1.5,-3,9,0
0.615,0.61,0.63,-3.6,-17,8,31.427000000000003,31.35,31.48,-0.9,-12,12,0.471,0.43,0.5,-1.6,-15,31,3905.0739999999996,3903.41,3907.32,1.6,-64,48,3189.165,0.49,3995.18,-0.8,-20,15,2397.56,1.83,3995.61,-0.7,-4,3,0
0.611,0.59,0.65,-0.1,-17,25,31.349,31.21,31.41,11.0,-11,66,0.40800000000000003,0.37,0.47,-0.5,-39,18,3905.2690000000002,3903.41,3906.34,1.6,-32,48,3186.0370000000003,2.44,3993.84,6.3,-9,45,1598.75,0.24,3995.49,1.2,-6,5,0
0.553,0.51,0.58,2.9,-10,27,31.201999999999998,31.05,31.29,-1.8,-38,14,0.238,0.21,0.27,0.4,-29,28,3905.8550000000005,3903.41,3907.32,3.2,-16,80,3185.3480000000004,0.73,3994.7,5.3,-15,77,1200.774,1.04,3995.98,2.0,-3,11,0
0.579,0.54,0.6,1.4,-18,9,31.186,31.16,31.23,-3.9,-24,11,12.87,0.04,32.0,4.3,-23,33,3905.5619999999994,3904.39,3906.34,-6.4,-48,32,3181.9210000000003,2.93,3992.68,-3.3,-19,14,2396.731,0.06,3995.91,1.5,-4,5,0
0.569,0.55,0.6,-0.3,-23,19,31.165,31.15,31.19,0.4,-13,12,12.806000000000001,0.0,32.0,6549.3,-18,65510,3905.952,3903.41,3908.29,-3.2,-48,64,1599.5170000000003,0.61,3995.85,0.8,-6,7,1998.4209999999998,0.49,3995.85,-1.0,-7,7,0
0.566,0.54,0.59,-5.2,-16,22,31.169,31.14,31.22,0.2,-9,12,6.425999999999999,0.01,31.99,9.4,-6,22,3906.244,3904.39,3908.29,6.4,-48,64,2789.494,1.95,3996.04,-6557.3,-65527,3,3990.0370000000003,3981.4,3995.49,0.8,-8,12,0
0.549,0.51,0.57,0.3,-19,20,31.135,31.09,31.16,-0.4,-19,16,31.883999999999997,31.86,31.91,0.4,-28,23,3906.147,3904.39,3908.29,14.4,-32,32,3589.3959999999997,3.54,3994.76,2.0,-7,9,3194.6160000000004,1.28,3995.85,-1.0,-7,6,0
