Time(ms),AccX(g),ΔAccX,AccY(g),ΔAccY,AccZ(g),ΔAccZ,GyrX(d/s),ΔGyrX,GyrY(d/s),ΔGyrY,GyrZ(d/s),ΔGyrZ,Fall
1795,31.69,-3,0.62,-14,0.6,-5,3879.02,32,3974.21,4,3990.67,-1,False
1901,31.69,0,0.59,1,0.61,13,3879.02,0,3984.15,0,3977.56,0,False
2006,31.72,-10,0.57,6,0.7,10,3879.02,0,3993.54,0,3948.78,6,False
2111,31.79,11,0.5,-7,0.7,-7,3880.0,16,3978.66,-4,3967.01,14,False
2216,31.77,-1,0.4,-9,0.7,-24,3880.0,-16,3969.94,4,3974.27,12,False
2321,31.76,5,0.38,2,0.72,-28,3881.95,-64,3983.96,5,3971.52,7,False
2426,31.77,1,0.35,0,0.74,-4,3879.02,16,3992.87,4,3990.06,6,False
2531,31.75,7,0.33,0,0.79,11,3880.98,0,2.2,6,3989.57,3,False
2636,31.76,0,0.33,5,0.76,9,3880.98,-32,9.09,4,3970.12,13,False
2741,31.74,15,0.34,6,0.73,-4,3880.98,-32,27.38,2,3978.41,-4,False
2845,31.78,2,0.43,-4,0.79,1,3880.0,-16,15.79,-5,3994.39,8,False
2949,31.78,16,0.46,1,0.76,11,3880.0,0,1.52,-1,10.37,-4,False
3053,31.84,-12,0.41,-6,0.69,-22,3880.98,-32,3980.0,3,38.17,11,False
3158,31.74,3,0.41,-21,0.68,7,3879.02,0,3983.78,8,43.6,-12,False
3262,31.61,-10,0.44,16,0.72,4,3880.0,16,6.16,-3,40.24,6,False
3366,31.66,-10,0.46,7,0.66,-9,3881.95,-32,3985.49,-2,76.16,32,False
3471,31.6,-10,0.52,-15,0.62,-4,3880.98,-32,3929.7,-17,136.59,39,False
3576,31.36,11,0.58,-8,0.32,-15,3880.0,-16,3866.65,-3,286.71,30,False
3681,30.87,5,0.29,8,31.72,-3,3881.95,-32,3908.35,27,286.1,-102,False
3786,30.93,-3,0.11,-10,31.68,-13,3882.93,-48,21.46,5,194.45,-37,False
3890,30.49,1,0.14,15,31.61,19,3880.98,0,3965.55,-30,3693.48,-187,False
3995,31.41,19,0.17,-22,0.25,11,3880.0,16,3965.3,38,3695.0,209,False
4100,31.33,35,0.19,-19,0.44,21,3881.95,-16,17.13,-2,3922.56,9,False
4205,31.36,-16,0.1,-37,0.58,-17,3881.95,-32,23.05,-25,3970.55,-80,False
4310,31.38,67,0.15,-89,0.72,13,3881.95,-16,15.18,-48,3956.89,-203,False
4415,31.4,-14,0.15,-100,0.66,-50,3880.0,32,26.34,-96,3992.13,-45,False
4519,31.35,-98,0.28,45,0.38,-38,3881.95,32,47.44,-85,293.54,-489,False
4624,31.1,-28,0.16,-17,0.07,-47,3880.98,16,1.83,3,240.49,-79,False
4729,30.67,77,0.37,-14,31.63,80,3880.98,0,3.41,-45,3962.07,-163,False
4834,31.15,-4,0.1,32,0.13,36,3882.93,0,3935.3,-39,3785.3,41,False
4939,31.01,-19,0.24,3,32.0,-65513,3880.98,32,3989.88,-1,42.26,-15,False
5044,31.11,2,0.21,-12,0.06,8,3880.0,16,3978.41,-10,3979.02,-13,False
5148,31.47,-7,0.27,1,0.22,33,3883.9,-32,3954.51,-12,17.62,186,False
5253,31.09,-2,0.32,30,31.97,30,3879.02,80,3936.77,-16,74.45,-31,False
5358,31.08,4,0.31,5,31.98,19,3880.98,32,3925.91,-3,3913.48,-45,False
5463,31.16,19,0.46,0,0.07,6,3882.93,-32,3973.11,24,3923.17,44,False
5568,31.14,37,0.57,-9,0.2,25,3881.95,-16,3981.16,-6,3977.68,37,False
5673,31.18,-1,0.59,-3,0.22,15,3881.95,0,3987.26,1,19.51,-4,False
5778,31.41,-7,0.59,-9,0.21,11,3881.95,16,3989.76,10,28.9,-20,False
5883,31.44,21,0.69,-3,0.26,-13,3881.95,32,3982.01,-5,46.83,28,False
5988,31.4,-21,0.58,-20,0.19,-12,3882.93,-16,3959.09,6,75.61,13,False
6092,31.26,-2,0.39,14,31.97,-4,3882.93,-32,24.39,21,151.77,14,False
6197,31.05,28,0.72,6,31.81,29,3882.93,-32,32.5,-19,3959.7,-88,False
6302,31.35,32,0.67,-7,31.95,15,3881.95,0,34.94,10,3972.56,31,False
6407,31.25,-1,0.59,21,31.96,-26,3881.95,32,35.12,7,3934.88,-4,False
6512,31.11,31,0.54,28,31.86,-16,3880.98,48,26.16,-15,3977.93,-49,False
6617,31.1,2,0.65,8,31.75,14,3880.98,32,3985.06,1,23.72,31,False
6722,30.92,18,0.37,-20,31.77,-10,3882.93,0,3992.93,-16,101.65,-58,False
6827,30.98,2,0.28,6,31.64,2,3881.95,16,3982.13,-4,11.34,-43,False
6932,31.18,-29,0.19,11,31.49,-15,3883.9,0,3986.28,-6,3979.39,-23,False
7037,31.29,-5,31.98,-8,31.47,-23,3883.9,-32,4.02,5,3986.59,31,False
7142,31.08,0,31.95,25,31.58,-26,3884.88,-48,3988.72,-22,3944.76,24,False
7247,30.97,43,0.23,-51,31.73,-45,3882.93,0,4.45,49,4.39,57,False
7352,31.1,27,0.18,14,31.66,-24,3883.9,-16,33.11,14,3950.55,-14,False
7457,30.91,4,0.15,0,31.74,29,3883.9,0,71.77,-22,3969.09,11,False
7562,31.07,-2,0.12,20,31.83,28,3883.9,0,50.67,-2,3991.34,64,False
7667,31.09,10,0.24,-2,31.83,19,3882.93,-16,19.82,3,4.76,19,False
7772,31.07,9,0.27,4,31.7,-12,3884.88,-32,18.78,3,26.28,55,False
7877,31.17,2,31.98,1,31.4,0,3883.9,16,57.38,21,116.4,-7,False
7982,31.28,-3,31.96,-2,31.48,13,3881.95,32,73.35,-3,3975.12,-9,False
8087,31.32,-11,32.0,-65524,31.67,2,3882.93,-16,42.93,-4,3928.11,13,False
8192,31.04,1,0.34,4,31.92,16,3882.93,0,7.07,-12,3907.38,43,False
8297,30.83,16,0.21,-14,31.72,-7,3883.9,-16,3994.51,0,11.65,-40,False
8402,30.86,102,0.28,6,31.83,-102,3882.93,16,3994.45,22,3954.82,59,False
8507,30.64,-19,0.39,29,31.85,22,3884.88,0,4.02,65412,3950.73,-319,False
8612,31.03,-11,0.17,-7,31.97,-23,3883.9,32,3976.16,-9,3976.89,-29,False
8717,31.11,3,0.12,11,0.03,-15,3884.88,16,3966.89,0,3970.49,38,False
8822,31.21,-15,0.09,13,31.95,9,3884.88,32,18.96,19,3992.5,14,False
8927,31.28,23,0.15,12,31.85,22,3883.9,16,3978.72,-18,3975.67,26,False
9032,31.21,4,31.86,-1,31.47,27,3883.9,32,3954.21,1,79.21,-12,False
9137,30.98,27,0.1,8,31.56,7,3884.88,16,3949.21,-15,36.89,2,False
9242,30.75,21,0.48,7,31.52,-2,3882.93,32,12.74,56,52.74,-39,False
9347,31.22,18,0.37,-19,0.08,-63,3885.85,-16,93.41,19,3874.33,20,False
9452,31.4,-16,0.5,20,31.81,17,3885.85,0,31.89,-28,3910.0,49,False
9557,30.83,50,0.41,18,31.68,47,3882.93,48,3961.4,14,0.49,65511,False
9662,30.81,-58,0.42,-9,31.66,53,3886.83,-64,3995.49,-8,53.11,-8,False
9767,31.03,2,0.66,-28,31.62,11,3884.88,32,3952.62,8,25.79,20,False
9872,31.48,-3,0.32,-14,31.39,-31,3885.85,16,36.4,23,352.68,9,False
9977,31.6,-35,0.32,-11,31.44,-2,3885.85,0,5.73,-23,122.38,10,False
10082,31.21,45,0.41,-31,30.86,10,3884.88,32,3941.52,5,3877.8,-167,False
10187,31.24,24,0.54,-1,31.2,33,3885.85,-16,3973.54,-4,3670.85,-77,False
10292,31.42,-105,0.78,-44,31.8,-25,3884.88,16,3995.18,3,155.37,150,False
10397,31.31,8,0.44,-10,32.0,-65528,3884.88,-32,3954.7,-21,3970.37,2,False
10503,31.48,27,0.5,2,31.6,-38,3887.8,-32,7.26,5,3994.09,-32,False
10608,31.46,-32,0.83,9,31.57,-15,3884.88,32,3977.38,-2,65.49,44,False
10713,31.26,-79,0.64,161,31.57,176,3884.88,0,3984.39,-53,10.43,17,False
10818,31.23,11,0.79,-31,31.55,-18,3885.85,0,3977.87,-25,3990.06,-94,False
10923,31.38,23,0.82,27,31.6,9,3884.88,32,3951.1,4,3924.39,-19,False
11028,31.31,-3,0.79,5,31.76,-17,3883.9,64,3952.07,-8,3920.3,-23,False
11133,31.34,0,0.7,1,31.75,-46,3884.88,16,3964.09,13,5.06,-34,False
11238,31.42,-39,0.68,0,31.74,-6,3885.85,16,3981.95,12,34.82,79,False
11343,31.34,4,0.58,-6,31.62,-12,3885.85,-32,3.96,11,17.68,30,False
11448,31.21,-32,0.69,24,31.61,-7,3886.83,-32,0.24,-2,28.9,-47,False
11553,31.3,9,0.64,-19,31.78,1,3885.85,0,1.22,0,3971.28,-27,False
11658,31.26,3,0.63,9,31.74,5,3884.88,48,3992.68,-11,3990.85,-34,False
11763,31.15,-15,0.69,-4,31.61,-13,3883.9,80,0.55,-1,31.04,-89,False
11868,31.23,-17,0.78,6,31.74,2,3886.83,-16,3990.61,-7,50.49,-17,False
11973,31.35,-2,0.76,-8,31.66,-10,3886.83,0,8.54,2,8.05,-23,False
12078,31.56,28,0.74,-18,31.73,-27,3885.85,0,3980.85,19,3966.04,76,False
12183,31.07,19,1.06,15,31.88,23,3888.78,-64,3911.1,-45,3903.41,-34,False
12288,0.02,-1,0.68,13,0.01,65512,3887.8,-16,3794.94,22,3977.07,70,False
12393,31.48,-18,0.13,6,0.29,-5,3886.83,0,3930.79,21,262.62,89,False
12497,31.09,43,0.88,40,31.0,10,3886.83,32,3973.23,-4,492.44,-118,False
12602,31.41,-5,0.94,25,31.22,10,3886.83,-16,47.68,14,114.45,-67,False
12707,31.32,-31,0.6,-10,31.09,-9,3886.83,0,47.56,1,3704.27,-140,False
12812,31.22,14,0.38,3,31.6,17,3887.8,-32,3951.52,-65,3393.23,-76,False
12916,30.91,79,0.33,-17,31.3,13,3888.78,-32,135.98,92,393.05,183,False
13021,30.78,83,0.36,0,31.41,47,3886.83,0,181.16,-43,77.5,-249,False
13126,30.87,10,0.58,-3,0.19,-24,3885.85,0,10.73,-57,3563.48,-106,False
13231,0.03,65425,0.62,48,0.37,16,3888.78,0,70.91,-6,47.32,167,False
13336,30.64,-105,0.94,16,31.74,-15,3887.8,32,3.66,-4,222.93,-143,False
13441,30.51,-14,0.53,0,31.0,-6,3886.83,16,109.39,36,265.06,-74,False
13545,31.27,-1,0.13,25,31.36,35,3886.83,32,184.33,-13,3933.11,-72,False
13650,31.44,104,1.04,7,31.76,-3,3887.8,-48,3978.41,-68,3603.41,-38,False
13754,31.56,-43,0.42,7,0.15,13,3887.8,0,14.63,-24,166.59,47,False
13859,30.49,-21,0.51,-10,31.82,-9,3886.83,16,3989.51,31,41.28,101,False
13964,30.89,38,0.41,-7,31.88,23,3888.78,0,3990.3,-32,3927.5,-38,False
14069,31.22,-11,0.53,10,31.8,-8,3888.78,32,3989.57,14,31.65,32,False
14174,31.38,-6,0.39,-11,31.78,-39,3887.8,-16,21.59,35,78.66,94,False
14279,31.14,-15,0.3,-23,31.16,-10,3888.78,-16,111.83,-24,506.89,-157,False
14384,31.11,32,0.42,28,30.81,4,3888.78,-32,16.46,-38,3712.38,-111,False
14494,31.16,33,0.34,-41,31.6,44,3887.8,32,3947.8,-6,3575.24,12,False
14600,31.48,5,0.14,1,0.07,16,3888.78,-16,4.21,10,3913.96,122,False
14704,31.34,-103,0.27,52,0.11,3,3888.78,0,14.82,-29,67.56,22,False
14809,30.9,29,0.9,-10,31.99,-2,3887.8,16,3943.96,8,90.91,-4,False
14913,30.91,-21,0.51,-14,31.86,22,3887.8,0,3895.43,-3,3924.57,-133,False
15018,31.36,-26,0.51,5,0.04,36,3888.78,-16,3917.44,4,3972.26,57,False
15123,31.11,-38,0.31,-6,31.9,4,3886.83,32,3981.28,11,174.94,-26,False
15228,30.47,34,0.45,-41,31.89,14,3887.8,48,58.41,28,75.91,-31,False
15333,30.97,65,31.9,-13,31.85,29,3889.76,0,199.27,14,3974.02,-9,False
15438,31.37,-16,31.76,13,31.8,-11,3888.78,-16,209.02,-6,36.71,-19,False
15543,31.42,-16,31.94,14,31.97,-30,3888.78,32,101.59,0,3927.38,49,False
15648,31.55,-15,0.07,17,0.48,-15,3889.76,0,3912.5,-61,3901.34,14,False
15752,30.88,-31,0.48,3,0.53,-12,3887.8,0,3790.98,29,88.54,202,False
15857,31.13,-7,0.15,16,0.07,1,3888.78,0,3802.68,34,24.57,84,False
15962,31.49,-8,0.11,7,31.81,9,3889.76,16,3876.65,32,86.34,63,False
16067,31.34,9,0.2,18,31.68,-3,3888.78,16,3926.59,24,105.37,85,False
16172,30.63,-38,0.86,27,31.11,60,3888.78,0,58.23,65,83.05,27,False
16277,30.75,-29,0.11,-12,31.73,31,3889.76,-16,160.0,0,3910.91,-35,False
16382,31.19,-1,31.74,8,31.98,-16,3887.8,32,171.52,-15,3957.07,-42,False
16487,31.57,-63,31.9,6,31.74,22,3888.78,16,216.46,-3,3938.23,-20,False
16592,31.69,74,0.13,9,0.82,96,3891.71,-16,36.34,-104,3782.99,14,False
16697,31.21,8,0.28,9,0.97,-16,3889.76,0,3787.07,-26,3.9,36,False
16802,31.19,3,0.22,14,0.21,-18,3890.73,-32,3817.01,23,3973.6,85,False
16907,31.45,-4,0.32,12,31.82,-12,3889.76,-16,3899.02,26,43.48,31,False
17011,31.46,10,0.36,10,31.88,-30,3887.8,64,3954.7,11,152.38,93,False
17116,30.1,21,0.88,-41,30.77,26,3892.68,-16,78.41,6,563.96,-275,False
17221,30.46,43,31.98,-38,30.52,13,3890.73,-32,223.29,23,27.01,4,False
17326,31.33,13,31.86,7,31.19,20,3889.76,0,238.78,-31,3800.55,-68,False
17431,31.91,23,31.87,-11,31.6,16,3892.68,-32,97.01,-2,3626.89,20,False
17536,31.87,2,31.79,-21,0.13,48,3889.76,16,55.91,6,3813.11,74,False
17641,0.34,-43,31.19,-31,1.0,-17,3890.73,16,50.91,37,3914.33,145,False
17746,31.33,-63,0.16,45,0.43,-57,3890.73,0,3968.23,-46,276.95,16,False
17850,31.53,0,0.95,30,31.61,-7,3891.71,-16,3913.48,-39,316.34,-34,False
17955,30.97,-21,0.8,-11,31.33,0,3891.71,-32,3971.95,85,104.39,-162,False
18060,30.36,62,1.04,-40,31.19,6,3890.73,0,213.35,38,3947.2,26,False
18165,31.04,-16,0.28,-59,31.61,9,3891.71,-16,226.89,-41,3853.78,-98,False
18270,31.77,6,31.99,-11,0.0,12,3889.76,0,81.65,-21,3658.72,76,False
18375,31.95,1,31.55,-12,0.8,55,3890.73,32,42.2,-2,3878.66,105,False
18480,31.7,23,31.6,8,0.83,-35,3891.71,-16,3966.28,-5,10.98,42,False
18585,31.27,8,0.11,8,0.22,-26,3891.71,-32,3910.61,-20,37.87,-108,False
18690,31.45,-10,0.63,-1,0.08,-6,3890.73,0,3952.01,25,68.9,35,False
18795,30.43,-52,1.2,-8,0.17,-10,3891.71,16,20.12,8,81.04,-100,False
18900,30.76,18,0.95,9,0.24,-34,3891.71,0,115.3,38,3800.49,-32,False
19005,31.38,34,0.82,7,0.22,-1,3890.73,0,237.62,7,3705.06,47,False
19110,0.03,8,0.61,-31,0.23,45,3891.71,16,185.85,-28,3858.54,43,False
19215,0.27,13,0.49,-17,0.55,4,3893.66,-32,1.1,65487,5.91,101,False
19320,31.82,-22,0.72,-3,0.38,-19,3892.68,-16,3880.0,-14,302.87,193,False
19424,31.27,-25,0.6,-7,31.92,-10,3892.68,0,3800.98,21,212.8,-178,False
19529,31.2,18,0.85,15,0.15,10,3889.76,32,3919.33,51,3869.15,-10,False
19634,31.13,9,1.51,-28,0.22,1,3894.63,-32,25.67,11,3855.06,24,False
19739,31.31,36,0.79,-13,0.1,-13,3893.66,-32,105.55,25,3908.6,24,False
19844,31.33,15,0.49,3,0.22,-7,3890.73,0,212.99,-52,3984.94,-139,False
19949,31.48,-11,0.42,0,0.3,19,3891.71,16,45.06,-50,3924.27,-22,False
20054,31.13,-5,0.13,-16,0.24,-4,3892.68,-16,3969.27,-8,43.96,-34,False
20159,31.17,-6,0.22,0,0.28,10,3891.71,-16,3891.71,-41,3970.49,-24,False
20264,31.42,-12,0.2,-45,0.62,13,3889.76,32,3678.72,-24,3896.89,111,False
20369,30.52,65,31.81,-38,0.28,-11,3892.68,0,3764.45,53,22.87,-21,False
20473,31.34,10,31.85,1,31.85,30,3893.66,-16,3891.83,-15,3987.32,-87,False
20578,31.52,-59,31.19,-55,31.94,30,3892.68,-16,3980.61,52,122.56,99,False
20683,30.36,33,31.17,0,31.67,8,3892.68,0,78.11,-15,83.11,-303,False
20788,31.64,-12,31.43,-22,31.78,37,3893.66,-32,86.16,25,3962.5,81,False
20893,31.03,-26,30.78,58,0.38,-42,3892.68,0,116.83,-4,3919.63,-64,False
20998,31.78,1,31.78,5,31.91,26,3893.66,0,97.26,3,3982.5,-37,False
21103,0.08,8,31.84,2,32.0,-65511,3892.68,16,71.46,2,3977.99,25,False
21208,31.16,15,31.12,-22,1.65,6,3893.66,-16,3972.5,-68,3953.72,-123,False
21313,31.83,-7,31.44,16,0.49,-45,3893.66,-32,3899.21,-15,16.77,7,False
21418,31.93,27,31.63,45,31.8,12,3892.68,0,3872.93,0,3977.5,-12,False
21523,31.04,-49,30.71,-52,0.14,54,3893.66,16,3914.7,-7,83.05,-19,False
21628,31.24,41,30.68,28,31.93,-19,3892.68,-16,35.18,31,3971.22,-26,False
21733,31.93,10,31.58,8,31.83,-13,3892.68,0,125.49,7,3942.32,-36,False
21838,31.88,-47,31.55,-16,0.59,90,3891.71,32,114.7,-47,3983.41,-92,False
21943,31.99,-4,30.97,9,1.16,-14,3892.68,0,3955.85,-24,3948.11,39,False
22048,0.01,65502,31.55,34,0.02,94,3893.66,16,3892.13,6,3977.44,42,False
22153,31.85,-13,31.55,0,31.82,28,3893.66,0,3902.87,19,36.22,108,False
22258,30.79,-17,30.31,0,31.97,8,3894.63,-32,3973.96,38,65.73,-9,False
22363,31.35,36,31.15,50,31.67,0,3895.61,-64,130.37,46,3991.95,-63,False
22468,0.24,-3,31.64,8,0.16,49,3892.68,32,190.24,1,3933.17,54,False
22572,0.22,15,31.38,-7,1.11,5,3891.71,48,13.54,-33,3875.85,32,False
22677,0.06,-12,31.42,9,0.61,1,3893.66,0,3917.8,-10,21.95,15,False
22782,31.89,-13,31.61,-17,0.03,-1,3892.68,32,3870.49,-7,22.5,-8,False
22892,30.72,-37,31.09,-58,31.9,-12,3893.66,0,3926.4,16,142.01,-35,False
22997,30.96,36,30.59,31,31.97,14,3894.63,0,54.51,46,14.09,8,False
23101,31.71,-9,31.5,19,31.94,5,3894.63,-32,151.65,11,3937.01,-27,False
23206,0.17,2,31.64,-4,0.57,39,3894.63,-16,114.33,-39,3995.43,-65500,False
23311,31.7,-30,31.27,2,0.78,-15,3894.63,-32,1.95,-18,19.33,-44,False
23416,31.81,10,31.29,-3,0.45,-3,3893.66,0,3980.73,3,3974.27,5,False
23520,31.94,1,31.34,-3,0.31,-41,3894.63,0,3966.59,14,3945.0,25,False
23625,32.0,-65515,31.3,-2,0.43,-22,3895.61,-48,3970.43,33,3931.83,100,False
23730,31.86,6,31.72,-3,31.93,-46,3894.63,-16,72.07,94,119.57,98,False
23835,31.08,-210,0.19,32,0.12,-17,3891.71,48,112.32,-45,352.2,123,False
23940,28.85,184,31.91,-66,31.96,-65381,3895.61,-32,51.71,2,3987.56,-177,False
24045,31.05,24,31.75,1,0.04,-1,3895.61,16,141.1,22,3968.54,7,False
24150,31.36,-11,31.82,-34,0.24,-16,3893.66,32,188.72,9,0.79,38,False
24255,31.06,65,31.92,-30,0.14,57,3892.68,32,89.76,-19,3868.11,144,False
24360,31.64,8,31.66,-18,31.87,-31,3897.56,-48,34.57,25,49.21,38,False
24465,31.44,2,31.78,-20,0.06,-57,3897.56,-32,55.73,2,3955.67,-104,False
24570,30.48,14,0.42,-4,0.79,-56,3896.59,0,3847.68,-51,3.17,-33,False
24675,31.07,-7,31.99,-2,0.14,-19,3895.61,-48,3769.82,7,3946.28,-8,False
24780,31.67,-9,31.65,-4,0.21,31,3894.63,16,3842.13,18,3930.18,94,False
24885,30.56,15,31.91,26,0.32,13,3894.63,0,3917.32,6,32.01,-85,False
24990,31.27,6,31.68,0,0.11,-30,3895.61,-16,3975.98,30,3993.84,-65496,False
25095,31.66,-25,31.67,9,0.02,84,3894.63,16,15.73,-27,3972.01,54,False
25200,30.68,-70,31.6,-1,0.11,-43,3894.63,32,41.4,35,250.18,63,False
25305,31.1,71,31.43,0,31.95,-25,3897.56,-64,128.29,36,166.83,-8,False
25410,31.25,-48,31.76,8,31.9,-13,3894.63,0,147.99,-29,3963.96,-117,False
25515,31.93,45,31.55,9,0.52,14,3895.61,0,12.26,-18,3662.62,199,False
25620,30.98,89,31.61,-16,0.15,-10,3896.59,0,3961.77,-5,91.71,-28,False
25725,31.26,-42,31.58,16,0.24,19,3895.61,0,13.9,-17,80.67,-38,False
25830,30.99,-6,31.74,5,0.56,-12,3896.59,-16,3914.09,-33,3805.37,1,False
25935,31.29,-20,31.74,5,0.2,-47,3895.61,16,3871.22,21,3920.06,-3,False
26040,31.74,17,31.61,17,0.24,33,3895.61,0,3947.13,32,3861.52,63,False
26145,30.71,7,31.94,-6,0.57,-5,3896.59,-32,3991.22,7,78.17,-43,False
26250,31.27,19,31.7,7,0.35,-30,3895.61,0,17.5,6,2.01,8,False
26356,31.46,-4,31.75,-24,0.17,38,3896.59,-32,51.77,21,151.4,82,False
26460,30.96,6,31.62,8,0.11,-19,3895.61,16,55.3,28,140.55,80,False
26565,31.28,27,31.56,-1,31.9,5,3896.59,0,138.11,-1,136.04,-35,False
26670,30.83,-12,31.94,3,31.88,-5,3895.61,32,112.56,-44,3943.35,-135,False
26775,31.04,-35,31.75,-1,0.21,12,3894.63,32,5.79,-25,3979.15,70,False
26880,31.04,20,31.57,-7,0.14,-1,3897.56,0,4.15,-6,99.02,-77,False
26990,30.78,-12,31.9,-15,31.95,-12,3896.59,-16,7.8,-33,3899.88,-76,False
27096,31.27,-4,31.74,13,0.33,11,3896.59,0,3910.85,-29,3848.29,-2,False
27201,31.39,-14,31.71,-13,0.25,20,3897.56,0,3903.84,13,3988.9,15,False
27306,31.17,42,31.87,-39,0.41,-61,3898.54,0,3955.43,60,11.4,55,False
27410,31.16,49,31.66,-20,0.25,-13,3897.56,-16,10.12,7,29.7,14,False
27515,31.28,4,31.72,4,0.2,-5,3897.56,0,3994.21,-11,3956.1,13,False
27620,30.68,-30,31.79,-24,31.96,-86,3898.54,-32,45.24,34,298.23,57,False
27725,30.83,8,31.62,-6,31.57,22,3895.61,32,75.73,-4,35.12,-158,False
27830,31.15,-27,31.71,-9,31.96,8,3896.59,0,82.8,-12,18.78,-38,False
27935,30.93,62,31.85,-15,31.79,1,3897.56,-32,17.07,-9,3987.68,36,False
28040,31.2,26,31.62,-9,31.82,12,3898.54,-16,3994.39,2,34.15,-3,False
28145,31.06,-14,31.73,14,31.88,-22,3894.63,64,6.34,-3,3896.89,42,False
28250,31.1,-8,31.86,0,0.03,-34,3897.56,0,3941.16,-1,3970.98,49,False
28355,31.32,3,31.72,8,31.94,-9,3898.54,-64,3888.41,-1,3896.89,3,False
28460,31.1,-12,31.77,4,31.85,9,3897.56,16,3920.85,19,3968.17,0,False
28565,31.08,-8,31.73,4,31.9,-1,3898.54,-16,3985.61,10,75.43,12,False
28670,31.3,2,31.88,14,31.74,27,3896.59,32,59.45,22,54.88,-22,False
28775,30.88,-70,0.25,37,31.61,-17,3898.54,16,42.68,-16,3975.73,0,False
28880,31.1,34,0.27,20,31.8,4,3898.54,0,3980.85,19,3885.12,-55,False
28985,31.11,8,0.78,12,0.15,8,3897.56,0,3.96,-33,3877.8,15,False
29090,31.23,14,0.73,-30,0.11,-13,3897.56,16,3910.79,5,51.28,44,False
29195,31.19,-2,0.31,-13,32.0,-4,3897.56,0,3985.18,24,60.55,-36,False
29300,31.27,2,0.44,-8,31.98,-2,3897.56,16,85.06,21,3952.5,11,False
29405,31.24,-35,0.63,36,31.86,-50,3897.56,32,146.28,-6,35.24,-28,False
29509,31.34,2,0.84,23,31.78,11,3898.54,-32,106.95,-4,3972.56,-1,False
29614,31.41,-17,0.92,26,31.85,7,3897.56,16,30.67,-12,21.83,12,False
29719,31.31,12,0.88,-7,31.75,-6,3898.54,0,3.35,-3,62.01,13,False
29824,31.25,4,0.7,12,31.62,14,3897.56,0,3976.65,-9,65.61,-19,False
29929,31.17,3,0.64,-6,31.51,-8,3900.49,-32,3964.39,0,49.88,-34,False
30034,31.29,-13,0.56,-20,31.5,1,3899.51,0,3954.82,3,42.99,17,False
30139,31.34,3,0.46,6,31.57,0,3898.54,16,3934.15,-6,7.99,14,False
30244,31.13,-12,0.25,1,31.56,24,3899.51,-16,3914.02,23,20.67,-7,False
30349,31.1,0,0.15,19,31.83,25,3897.56,32,3945.79,-1,3982.44,10,False
30454,31.33,-1,0.08,-5,31.79,-14,3900.49,-32,3938.23,11,3988.78,44,False
30559,31.14,-20,0.07,-14,31.63,-6,3899.51,0,5.0,20,78.9,34,False
30663,30.91,-27,0.0,1,31.65,-3,3898.54,32,33.66,-1,30.43,13,False
30768,31.07,-13,0.43,18,31.63,11,3897.56,16,85.0,4,3884.63,45,False
30873,31.16,-8,0.5,-2,31.86,15,3900.49,-32,62.87,-14,3887.93,-18,False
30978,31.09,-28,0.38,6,31.9,29,3899.51,0,50.49,-4,3971.16,76,False
31083,31.1,22,0.4,22,31.46,14,3898.54,0,54.09,14,3966.04,-19,False
31188,31.31,28,0.67,-17,31.71,28,3901.46,-32,32.56,4,9.27,48,False
31293,31.34,-10,0.56,2,32.0,-65528,3898.54,0,3975.43,-9,3994.7,-38,False
31398,31.07,-19,0.42,-13,31.91,-14,3899.51,0,3984.57,-9,3950.12,-96,False
31502,31.08,-64,0.66,28,0.17,-35,3900.49,-32,3963.72,26,3935.37,92,False
31607,30.84,9,0.57,-5,31.89,-10,3899.51,-16,6.28,3,30.06,75,False
31711,31.17,-10,0.36,19,31.62,25,3900.49,-16,65.06,5,3944.33,28,False
31816,31.36,-65,0.41,-3,0.05,65,3900.49,-32,18.29,-31,3992.38,20,False
31921,31.15,19,0.36,-12,32.0,-65508,3900.49,-16,3925.06,-15,14.88,-8,False
32026,30.86,22,0.46,-26,31.97,-3,3900.49,-32,3887.56,-11,18.72,-51,False
32131,30.87,13,0.6,-5,31.61,5,3901.46,0,3885.49,5,80.91,-46,False
32236,31.21,-20,0.52,-21,31.53,-14,3900.49,0,3874.63,-19,123.96,-111,False
32341,31.37,26,0.22,-22,31.58,15,3899.51,0,3879.51,14,85.61,-28,False
32446,31.1,-2,0.03,4,31.47,-6,3900.49,16,3929.76,12,33.11,-42,False
32551,31.13,7,31.77,-17,31.34,-19,3901.46,-16,3973.78,12,3993.72,-26,False
32656,31.17,12,31.88,2,31.2,-15,3900.49,16,41.89,4,36.04,9,False
32761,31.28,5,31.97,3,31.36,-5,3900.49,0,85.24,-1,32.93,-23,False
32866,31.26,5,0.1,3,31.31,-39,3901.46,0,86.4,-1,3939.15,4,False
32971,31.09,4,0.1,-21,31.36,10,3902.44,-64,61.4,10,3964.88,-18,False
33076,31.02,20,0.11,11,31.36,18,3901.46,-16,25.91,19,3983.35,48,False
33181,31.05,24,0.06,-4,31.55,36,3900.49,0,50.91,-10,3987.07,-40,False
33286,31.37,6,31.71,9,31.6,-17,3899.51,32,24.09,18,3972.56,58,False
33391,31.18,35,31.63,-5,31.45,-20,3900.49,16,72.99,32,3935.98,38,False
33496,30.94,-17,31.73,23,31.34,37,3899.51,16,121.95,-16,3986.71,-34,False
33601,31.32,20,31.89,0,31.61,-8,3900.49,16,93.11,0,26.22,5,False
33706,31.27,-16,31.97,-8,31.59,-4,3899.51,0,40.85,-17,18.05,0,False
33811,30.9,55,31.93,0,31.48,-28,3898.54,48,3980.06,2,3986.04,31,False
33916,30.87,1,31.8,9,31.57,-19,3901.46,-16,22.44,2,22.99,-51,False
34020,31.3,-4,31.78,1,31.6,-14,3902.44,-48,38.17,10,3970.91,36,False
34125,31.16,-1,31.61,-11,31.46,-3,3902.44,0,93.54,37,13.23,1,False
34230,30.87,53,31.87,11,31.25,23,3898.54,16,105.73,4,3978.41,36,False
34335,31.39,-14,31.94,10,31.56,-4,3899.51,16,104.21,-10,16.95,-19,False
34439,31.03,-20,31.92,-11,31.46,20,3902.44,0,36.46,-26,3994.27,10,False
34544,30.93,-7,31.76,6,31.56,8,3899.51,32,32.07,6,52.62,-22,False
34649,31.18,19,31.81,-14,31.72,-15,3904.39,-64,37.68,-9,3980.91,3,False
34753,31.11,-1,31.78,6,31.64,-17,3903.41,-16,28.35,1,2.2,3,False
34858,31.06,-9,31.7,15,31.43,-23,3902.44,-32,63.6,9,26.59,24,False
34962,31.15,14,31.86,-2,31.31,-3,3903.41,-32,93.17,7,30.67,18,False
35067,31.4,6,31.89,-1,31.49,-2,3902.44,0,110.06,-7,4.45,1,False
35172,30.77,0,31.82,18,31.28,-9,3901.46,0,78.54,2,49.15,-14,False
35277,31.13,11,31.77,1,31.52,-5,3903.41,-16,117.74,7,41.4,-35,False
35382,31.39,0,31.65,-14,31.39,23,3902.44,16,119.7,8,57.99,15,False
35486,31.29,8,31.67,8,31.18,24,3902.44,32,140.67,17,64.7,20,False
35591,31.19,18,31.7,7,31.13,-22,3902.44,32,139.76,-6,23.72,17,False
35696,31.27,-17,31.72,-3,31.36,8,3901.46,0,118.66,-11,20.12,-10,False
35801,31.33,-12,31.71,1,31.47,-12,3903.41,-80,92.32,-14,19.09,12,False
35906,31.15,-27,31.73,0,31.45,-10,3902.44,16,68.48,-9,17.93,-4,False
36011,30.92,-11,31.83,-11,31.44,24,3904.39,-32,41.28,-7,16.65,5,False
36116,31.0,17,31.85,3,31.65,-5,3904.39,-48,15.12,-4,3954.02,-5,False
36221,31.23,12,31.78,-14,31.73,19,3901.46,-16,3992.8,-5,3975.37,0,False
36326,31.1,-18,31.8,8,31.69,-25,3902.44,-16,3982.38,0,3988.35,-16,False
36431,30.97,-21,31.73,-8,31.62,-2,3903.41,16,3966.1,-5,6.89,5,False
36536,31.12,6,31.78,-7,31.58,2,3904.39,-48,3979.02,9,28.9,15,False
36641,31.11,7,31.92,6,31.49,-7,3901.46,16,11.77,12,15.24,0,False
36746,31.19,23,31.96,4,31.57,27,3902.44,-16,12.26,-3,3951.46,7,False
36851,31.25,-8,31.85,1,31.62,4,3902.44,0,3978.05,-8,3976.89,4,False
36956,31.01,-2,31.84,13,31.57,1,3903.41,32,3942.93,-5,3968.9,-3,False
37060,31.03,29,31.91,20,31.66,8,3906.34,-64,3920.55,10,3943.54,22,False
37165,30.9,0,0.01,5,31.75,-17,3903.41,-32,3944.76,-15,3964.76,-21,False
37270,31.09,-5,0.02,2,31.75,14,3902.44,32,3920.0,-8,3980.12,15,False
37375,31.09,4,31.99,0,31.79,-19,3904.39,-16,3903.96,-2,3989.39,-1,False
37480,30.99,-5,31.95,2,31.79,-12,3902.44,32,3908.05,-3,3988.54,-1,False
37585,31.14,16,31.85,-18,31.8,-11,3904.39,-16,3934.7,12,13.6,11,False
37690,31.01,8,31.86,-8,31.75,-7,3904.39,0,3971.22,9,3994.63,-11,False
37795,30.93,20,31.86,-1,31.68,18,3904.39,-16,3977.07,-2,3969.51,0,False
37900,31.13,-13,31.78,10,31.68,-19,3903.41,16,3979.88,-3,27.44,-6,False
38005,31.1,-4,31.82,1,31.63,0,3902.44,32,3976.16,2,4.45,6,False
38110,31.13,-13,31.79,6,31.68,-21,3903.41,0,3968.23,1,9.63,-3,False
38215,31.04,-5,31.69,-8,31.66,-9,3904.39,0,3957.13,-1,12.74,-6,False
38320,30.98,-18,31.72,-3,31.63,2,3906.34,-16,3963.23,6,3986.04,4,False
38425,30.98,18,31.83,8,31.54,-6,3905.37,-16,3964.33,9,3994.45,0,False
38530,31.25,-7,31.95,-3,31.64,4,3906.34,-64,3965.18,-10,3975.18,9,False
38635,31.03,-39,31.91,2,31.64,-11,3903.41,0,3952.5,-8,5.06,-47,False
38740,31.19,-23,31.71,-8,31.66,-27,3906.34,-64,3974.39,8,22.99,3,False
38845,31.09,-1,31.67,-2,31.6,2,3902.44,16,10.79,4,3996.04,-65527,False
38949,31.03,-32,31.63,7,31.49,-42,3903.41,16,36.71,-7,30.91,1,False
39054,31.25,2,31.77,-2,31.6,0,3904.39,16,43.11,3,24.33,2,False
39159,31.18,16,31.83,-3,31.59,16,3905.37,0,39.76,-5,3965.73,-4,False
39264,31.03,10,31.87,3,31.55,-1,3904.39,0,3990.12,-12,3990.3,8,False
39369,30.83,-8,31.85,16,31.53,37,3903.41,32,3953.29,-10,3984.21,-7,False
39474,31.0,-32,31.84,4,31.7,-13,3904.39,0,3965.55,-6,7.01,-37,False
39578,31.22,8,31.88,-4,31.72,2,3903.41,32,3951.52,0,3975.0,24,False
39683,31.12,-6,31.78,2,31.7,-17,3905.37,-16,3933.05,-2,3991.16,3,False
39788,31.06,-2,31.77,2,31.68,-35,3904.39,16,3952.56,13,8.23,5,False
39894,30.82,4,31.87,19,31.46,-11,3902.44,32,3958.54,-21,3977.2,-19,False
40000,31.38,6,31.79,-5,31.7,12,3906.34,-32,3967.32,12,36.22,14,False
40104,31.05,3,31.96,6,31.53,-15,3905.37,0,3951.59,-5,3960.0,-7,False
40209,31.16,19,31.93,-4,31.59,-19,3905.37,-48,3928.6,-21,18.96,16,False
40314,31.01,56,0.12,-11,31.5,-2,3904.39,-16,3886.77,-3,3986.22,-6,False
40419,31.14,-2,0.02,-14,31.54,4,3905.37,16,3878.66,-4,3989.21,8,False
40523,31.15,28,31.85,-5,31.51,9,3904.39,32,3880.12,1,3987.8,0,False
40628,31.02,-2,31.78,-1,31.49,-13,3906.34,-16,3918.84,11,17.5,15,False
40733,30.92,-13,31.98,21,31.33,-2,3905.37,16,3922.44,-7,3977.26,-13,False
40838,31.24,11,31.97,2,31.52,-10,3904.39,16,3946.59,-5,3989.09,-13,False
40942,31.08,-4,31.93,-17,31.48,-7,3905.37,16,3928.35,-3,3930.3,19,False
41047,31.03,30,31.9,-8,31.55,12,3904.39,0,3924.21,6,3941.46,21,False
41152,31.19,-20,31.88,-7,31.71,12,3905.37,0,3956.95,12,14.45,-11,False
41257,30.97,-9,31.96,-4,31.66,-9,3905.37,16,3979.51,3,3990.73,-5,False
41362,31.08,1,31.91,-19,31.72,-4,3906.34,-32,3993.41,-6,0.79,-12,False
41467,31.01,0,31.9,9,31.69,-1,3905.37,0,3987.5,-3,3989.88,-2,False
41571,31.1,-8,31.86,0,31.7,-10,3905.37,-16,3987.26,0,3995.55,2,False
41676,31.04,-5,31.87,7,31.68,-23,3904.39,32,3990.55,-1,3991.28,3,False
41781,31.06,-3,31.87,2,31.69,-5,3905.37,32,3988.78,1,3986.89,6,False
41886,31.05,7,31.86,11,31.7,-27,3906.34,-32,3991.22,-3,3988.72,-7,False
41991,31.06,0,31.85,4,31.7,-16,3904.39,16,3991.46,0,3988.17,3,False
42096,31.04,-11,31.84,1,31.68,-2,3905.37,32,3992.01,5,3992.62,-4,False
42201,31.09,4,31.85,7,31.69,6,3906.34,32,3993.11,-2,1.28,5,False
42306,31.08,-7,31.85,-1,31.69,-15,3904.39,48,3991.28,3,3.6,0,False
42411,31.05,14,31.82,-4,31.67,7,3904.39,32,3992.74,2,2.32,2,False
42516,31.05,2,31.81,-10,31.68,8,3904.39,32,3993.35,-1,1.71,-1,False
42621,31.08,22,31.81,7,31.68,8,3903.41,64,1.77,1,1.52,1,False
42726,31.05,-21,31.83,-7,31.66,-18,3905.37,16,0.55,-3,3992.87,-7,False
42831,31.08,-9,31.83,-15,31.68,12,3906.34,-16,3993.96,-3,3993.9,8,False
42936,31.07,0,31.82,-3,31.69,3,3907.32,0,3990.79,0,3993.48,0,False
43041,31.08,17,31.8,-2,31.67,6,3906.34,-32,3988.9,-6,3994.09,2,False
43146,31.07,-3,31.79,-9,31.67,23,3908.29,-80,0.43,0,3994.63,-2,False
43251,31.06,-3,31.8,-11,31.68,-12,3905.37,16,0.49,-4,0.12,2,False
43355,31.07,15,31.8,4,31.67,49,3906.34,0,3993.72,0,1.77,4,False
43459,31.09,5,31.81,10,31.68,-3,3907.32,-32,3992.44,4,1.77,0,False
43564,31.06,-12,31.79,6,31.68,-20,3907.32,-16,3992.93,0,0.91,-10,False
43669,31.06,7,31.79,8,31.68,-11,3906.34,16,3992.26,0,3993.66,4,False
43774,31.06,-8,31.79,6,31.67,14,3905.37,48,3992.74,-4,3992.93,7,False
43879,31.07,5,31.81,1,31.68,-8,3906.34,0,1.34,3,3994.45,3,False
43989,31.08,-1,31.81,-7,31.69,-7,3905.37,16,3994.39,0,2.01,5,False
44094,31.06,-7,31.8,2,31.67,4,3906.34,16,3995.91,-2,2.87,-2,False
44199,31.07,-10,31.8,5,31.68,-21,3906.34,0,0.91,-4,3995.49,0,False
44304,31.07,3,31.8,8,31.67,-12,3908.29,0,3993.84,0,3995.79,4,False
44409,31.05,24,31.82,-11,31.67,-31,3906.34,16,3993.23,1,3992.8,-1,False
44514,31.1,-8,31.78,4,31.66,-11,3907.32,16,3994.7,1,2.8,6,False
44619,31.06,4,31.81,-8,31.66,-3,3908.29,-32,5.12,-4,3994.82,0,False
44724,31.07,-8,31.82,-2,31.67,-7,3906.34,32,1.1,-2,3.17,5,False
44829,31.07,4,31.8,12,31.68,-12,3907.32,0,2.38,-1,1.22,2,False
44934,31.07,1,31.82,10,31.66,-5,3908.29,-32,3995.12,-5,3993.78,4,False
45039,31.09,-7,31.81,-11,31.66,-13,3906.34,0,3988.35,1,2.87,6,False
45144,31.08,3,31.78,-5,31.65,25,3908.29,-16,4.51,4,5.37,-1,False
45249,31.08,-15,31.78,-7,31.65,10,3907.32,-16,15.98,3,3.72,6,False
45354,31.07,-5,31.82,27,31.65,-15,3909.27,-16,23.35,3,2.01,-3,False
45458,31.09,-5,31.88,-12,31.65,-7,3908.29,16,20.98,-2,0.98,3,False
45563,31.06,18,31.88,-3,31.67,13,3905.37,0,11.95,1,1.28,-1,False
45668,31.05,3,31.87,-7,31.66,10,3906.34,32,2.38,-1,3991.77,-1,False
45773,31.12,-4,31.81,-1,31.65,-12,3908.29,16,3994.45,2,3.17,16,False
45878,30.99,6,31.79,-6,31.61,-37,3909.27,0,20.85,1,3993.54,-26,False
45983,31.08,6,31.84,1,31.67,-6,3907.32,-16,13.41,-9,3985.55,-6,False
46088,31.07,-1,31.84,5,31.69,-13,3908.29,0,3984.02,-1,7.62,-10,False
46193,31.07,1,31.81,-5,31.67,1,3908.29,-16,3985.24,1,3995.3,-3,False
46298,31.07,-4,31.78,15,31.65,-1,3909.27,0,3990.37,6,3994.82,0,False
46403,31.08,6,31.78,-18,31.64,-14,3906.34,64,3989.76,3,3991.34,4,False
46508,31.08,-6,31.8,0,31.63,3,3910.24,-32,3992.87,1,3993.96,10,False
46613,31.09,-22,31.81,7,31.61,-8,3908.29,16,4.63,1,30.73,5,False
46718,31.09,-11,31.8,-15,31.6,-7,3907.32,32,3.66,3,11.04,0,False
46823,31.06,12,31.81,-27,31.54,-2,3907.32,32,11.77,-11,48.41,-30,False
46927,31.13,-3,31.8,-5,31.5,-15,3908.29,-32,1.28,2,13.72,12,False
47032,31.13,-11,31.79,-9,31.46,-24,3910.24,-32,3995.61,-1,8.84,-16,False
47137,31.14,-3,31.78,13,31.45,16,3908.29,16,3995.61,-1,0.67,-5,False
47242,31.15,-5,31.79,-6,31.48,-29,3909.27,0,3994.82,-4,3993.96,0,False
47347,31.12,-2,31.8,3,31.48,-28,3908.29,32,3989.63,0,3988.29,-1,False
47452,31.19,7,31.81,-5,31.51,-33,3910.24,0,3981.46,3,3992.93,10,False
47557,31.15,-3,31.78,-22,31.47,-21,3908.29,32,3988.6,2,5.3,2,False
47662,31.13,24,31.79,-4,31.47,0,3909.27,0,3988.72,-3,3981.16,9,False
47767,31.16,-15,31.76,5,31.46,2,3909.27,0,3984.57,-1,3991.65,-1,False
47872,31.14,7,31.8,-13,31.46,12,3909.27,-16,3994.82,3,3992.68,7,False
47977,31.15,3,31.81,-15,31.49,-1,3910.24,0,0.85,-2,5.12,-5,False
48082,31.1,10,31.83,-3,31.49,9,3908.29,32,5.06,0,3988.66,3,False
48187,31.13,-5,31.82,-1,31.51,6,3910.24,-16,3993.6,-2,2.01,-1,False
48292,31.11,2,31.82,-6,31.48,6,3911.22,-32,3993.35,3,3994.45,1,False
48397,31.13,-8,31.81,5,31.49,-1,3909.27,16,3993.96,2,3994.39,0,False
48502,31.12,2,31.81,5,31.48,17,3908.29,32,3994.51,-3,3992.13,-3,False
48607,31.13,-2,31.81,-7,31.5,-13,3910.24,-32,3993.23,2,3994.09,3,False
48712,31.13,-10,31.81,2,31.51,-9,3912.2,-32,3992.8,0,3995.37,4,False
48817,31.12,0,31.8,8,31.48,2,3908.29,16,3993.96,4,3995.18,7,False
48922,31.13,-14,31.81,-6,31.49,21,3909.27,0,3995.55,4,3994.82,2,False
49027,31.12,1,31.82,4,31.5,-14,3907.32,48,3993.84,-2,3995.98,-1,False
49132,31.13,-10,31.8,-1,31.49,16,3911.22,-48,1.4,3,3995.43,4,False
49237,31.12,3,31.8,7,31.51,8,3910.24,0,2.2,-3,3994.33,2,False
49342,31.11,14,31.82,5,31.49,5,3908.29,-16,3993.96,-6,3993.17,-4,False
49447,31.14,9,31.81,-3,31.51,-6,3911.22,0,3992.68,3,0.3,4,False
49552,31.12,-5,31.8,-10,31.5,-3,3911.22,16,1.22,3,2.01,3,False
49657,31.11,-1,31.81,3,31.5,4,3910.24,0,0.73,-3,3995.37,-8,False
49762,31.13,10,31.81,-9,31.5,4,3910.24,0,3994.02,0,3993.96,-2,False
49867,31.12,-8,31.8,-5,31.49,2,3912.2,-48,3995.98,-65532,0.55,-3,False
49972,31.12,-1,31.8,19,31.52,-9,3911.22,0,3995.12,3,3995.85,-65530,False
50077,31.12,-20,31.81,12,31.49,-4,3909.27,16,3995.06,-2,3993.6,-3,False
50182,31.14,-6,31.81,0,31.49,13,3910.24,0,3994.02,-2,1.1,4,False
50287,31.11,1,31.81,12,31.48,9,3912.2,-16,3996.04,-65533,3996.04,-65535,False
50392,31.12,-10,31.81,-15,31.49,9,3909.27,32,0.61,2,0.49,0,False
50497,31.09,-5,31.82,6,31.5,15,3911.22,-16,2.99,-1,3992.62,-5,False
50602,31.13,6,31.82,-5,31.51,34,3910.24,0,3993.96,-4,3992.62,-2,False
50707,31.14,-12,31.8,2,31.5,-7,3912.2,-16,3992.68,4,0.67,6,False
50812,31.12,5,31.78,-1,31.49,14,3911.22,0,6.1,2,2.2,1,False
50917,31.1,-2,31.8,-8,31.5,12,3909.27,48,10.24,5,3.9,0,False
51021,31.12,-13,31.83,4,31.52,2,3911.22,16,5.24,-2,3995.06,1,False
51126,31.14,8,31.82,0,31.48,42,3912.2,32,3990.67,-3,1.28,5,False
51231,31.14,-5,31.78,-5,31.48,-4,3910.24,32,0.49,4,2.38,4,False
51336,31.11,-3,31.79,8,31.49,2,3910.24,16,6.52,1,2.2,-2,False
51441,31.13,-21,31.8,-5,31.49,4,3913.17,-64,3.35,0,4.21,-3,False
51546,31.12,7,31.82,12,31.48,3,3910.24,0,3.29,-2,0.18,-1,False
51651,31.21,17,31.78,-3,31.47,-8,3910.24,-32,9.82,1,51.1,29,False
51756,31.34,2,31.79,-10,31.39,-35,3912.2,-16,24.51,9,131.1,91,False
51861,31.48,36,31.75,-10,31.17,10,3909.27,16,15.24,0,139.82,38,False
51966,31.58,0,31.7,20,30.98,6,3911.22,16,2.32,0,92.56,-17,False
52070,31.68,4,31.69,-10,30.93,1,3912.2,0,1.95,10,54.15,0,False
52175,31.84,-7,31.7,-18,30.93,-38,3911.22,0,23.17,6,162.56,-4,False
52280,31.94,2,31.67,14,30.92,-2,3911.22,0,3994.51,-4,30.18,-18,False
52386,31.93,8,31.68,10,30.83,6,3911.22,32,3984.21,8,3933.23,-19,False
52491,31.75,-6,31.62,-1,30.82,21,3910.24,32,3995.12,5,3809.51,-90,False
52596,31.61,16,31.56,23,30.98,11,3912.2,0,58.96,24,3774.21,36,False
52701,31.4,18,31.56,27,31.12,34,3910.24,16,113.96,9,3881.95,13,False
52806,31.38,26,31.67,19,31.24,35,3911.22,16,147.5,22,3942.74,24,False
52911,31.29,-116,31.63,-2,31.81,36,3911.22,16,138.11,-36,91.04,27,False
53015,31.21,-21,31.5,24,31.48,-4,3914.15,0,84.7,27,84.45,59,False
53120,31.35,-8,31.59,11,31.56,-14,3914.15,-48,125.24,15,65.37,45,False
53225,31.11,13,31.61,2,31.56,-8,3913.17,-32,112.2,-7,62.13,-17,False
53330,31.02,-7,31.57,8,31.35,-35,3911.22,-16,83.78,-8,34.82,-27,False
53435,31.19,-4,31.69,19,31.47,15,3912.2,32,94.33,19,3979.94,-25,False
53540,31.0,-32,31.7,-13,31.75,9,3912.2,-16,27.74,-7,3974.76,31,False
53645,31.4,5,31.66,67,0.12,102,3913.17,32,29.63,0,3900.12,154,False
53750,31.0,-8,31.68,-6,31.8,-16,3913.17,-16,36.34,-4,3983.29,-46,False
53855,30.98,244,31.64,84,31.88,72,3912.2,0,4.27,65456,3979.39,23,False
53960,31.15,-11,31.64,14,31.94,1,3914.15,-48,3960.24,-12,3995.85,-65531,False
54065,31.12,-71,31.63,4,31.93,27,3911.22,0,3940.18,8,3975.61,-11,False
54170,31.13,20,31.69,-15,31.98,-15,3912.2,32,3926.1,-6,3972.56,6,False
54275,31.12,8,31.6,6,31.89,-35,3910.24,32,3950.37,23,16.34,12,False
54380,31.13,11,31.53,13,31.86,6,3914.15,-16,14.15,7,3979.76,12,False
54484,31.14,-10,31.64,3,31.82,9,3913.17,-16,41.16,7,5.12,-4,False
54589,31.16,4,31.61,-8,31.75,-34,3914.15,0,47.8,9,52.07,15,False
54694,31.04,4,31.57,-13,31.72,-14,3912.2,0,74.21,3,82.26,-6,False
54799,31.06,8,31.59,-4,31.51,17,3913.17,0,107.99,6,25.0,-1,False
54903,31.14,1,31.61,5,31.57,26,3914.15,0,107.56,-9,25.12,-10,False
55008,31.18,-8,31.56,5,31.53,3,3914.15,0,100.85,10,33.72,0,False
55113,31.1,21,31.68,-4,31.51,8,3914.15,-32,107.38,8,14.57,14,False
55218,31.01,-8,31.78,6,31.58,7,3913.17,0,129.94,-4,26.95,-18,False
55323,31.07,23,31.99,-18,31.71,5,3913.17,16,96.59,23,3983.78,33,False
55428,31.07,0,31.96,-23,31.82,22,3914.15,0,57.68,-11,54.76,-10,False
55533,31.03,-9,31.85,17,31.84,1,3912.2,16,12.87,-2,14.51,-29,False
55638,31.08,-1,31.75,-18,31.84,-18,3913.17,-32,3995.3,5,52.13,15,False
55743,31.07,26,31.66,3,31.69,4,3913.17,16,9.21,0,8.29,0,False
55848,31.13,-3,31.72,-4,31.65,15,3914.15,0,17.44,-6,5.61,1,False
55952,30.87,-17,31.78,8,31.74,-11,3913.17,0,3976.83,-10,3967.01,-56,False
56057,31.15,16,31.62,10,31.87,4,3913.17,0,3948.35,3,2.38,51,False
56162,31.21,-107,31.78,-61,31.64,-34,3914.15,0,3949.27,51,68.54,7,False
56267,31.18,-15,31.74,9,31.59,26,3914.15,32,0.91,1,88.84,-16,False
56372,31.2,16,31.58,5,31.48,5,3917.07,-64,3994.27,-6,3982.99,40,False
56480,31.07,9,31.6,-8,31.33,-17,3916.1,-64,11.4,-2,32.68,6,False
56586,31.35,-14,31.67,-9,31.47,-16,3916.1,-32,14.88,-8,46.89,-3,False
56691,31.25,-22,31.88,16,31.19,24,3912.2,0,3987.99,-17,57.07,-38,False
56796,31.35,9,31.74,30,31.39,-21,3914.15,-16,3977.87,-34,2.93,14,False
56901,31.45,5,31.78,-22,31.2,-14,3915.12,16,3939.57,-7,95.37,44,False
57006,31.49,-89,0.08,-125,31.08,-69,3917.07,-48,3918.9,96,111.46,-117,False
57111,0.01,65339,0.92,-655,31.33,-909,3914.15,0,3808.9,862,3995.85,-65203,False
57216,31.78,120,1.14,-164,31.57,-1286,3916.1,-48,3754.51,-165,3822.56,111,False
57321,31.87,22,0.42,-9,30.9,87,3915.12,0,3823.6,47,3958.05,199,False
57426,31.56,-6,0.27,4,31.08,26,3915.12,0,3877.93,22,14.15,28,False
57530,31.43,4,0.45,-1,31.22,-29,3914.15,0,3914.94,22,58.84,20,False
57635,31.4,-3,0.51,6,31.31,-10,3916.1,0,3950.0,-2,33.6,-18,False
57740,31.45,-4,0.52,40,31.09,66,3914.15,16,3959.51,6,3977.99,-22,False
57845,31.48,-23,0.52,-12,31.33,37,3917.07,-48,3959.21,3,3983.9,32,False
57950,31.39,-77,0.46,0,31.36,-30,3915.12,-16,3960.12,17,26.34,2,False
58055,31.23,5,0.57,15,31.35,3,3916.1,32,3940.37,-9,12.26,-14,False
58160,31.21,12,0.46,-57,31.54,3,3914.15,32,3940.24,10,6.1,0,False
58265,31.09,65,0.34,-34,31.49,13,3916.1,-16,3972.87,8,3993.48,34,False
58370,31.14,34,0.2,2,31.46,2,3915.12,32,7.5,0,1.65,-6,False
58475,31.1,-18,0.17,-7,31.5,47,3915.12,32,3.66,2,3994.57,7,False
58579,31.14,6,31.9,-9,31.54,0,3915.12,-16,18.11,-4,3929.57,-30,False
58684,30.97,11,0.13,28,31.52,-20,3916.1,0,39.88,-2,6.28,31,False
58789,31.11,45,0.39,4,31.48,-11,3916.1,-16,27.74,10,36.59,4,False
58894,31.16,8,0.33,-2,31.54,-18,3914.15,16,7.44,-4,3973.6,-17,False
58999,31.04,4,0.25,-20,31.71,-19,3915.12,0,3963.78,-11,3933.72,7,False
59104,30.99,121,31.94,-28,31.69,-34,3915.12,0,3974.76,54,3946.16,178,False
59209,31.17,38,31.96,-1,31.5,-16,3915.12,48,21.1,2,63.35,71,False
59314,30.9,-49,0.19,32,31.65,26,3918.05,-32,3986.65,-14,3941.16,-28,False
59418,30.87,5,0.24,-4,0.03,5,3917.07,0,3964.51,-18,3948.96,-21,False
59523,31.26,-7,0.19,18,31.67,18,3915.12,0,11.28,38,55.12,62,False
59628,31.4,14,0.11,11,31.39,1,3916.1,0,113.29,22,38.84,-26,False
59733,31.25,13,0.32,18,31.51,5,3916.1,0,97.01,8,16.65,4,False
59838,30.88,-35,0.67,43,31.8,81,3916.1,48,3993.11,-46,3895.98,-40,False
59943,31.62,-57,0.32,2,0.34,-15,3915.12,-32,3938.17,24,3977.87,229,False
60047,31.1,2,0.29,4,31.86,-8,3915.12,-16,3989.33,13,3936.34,-44,False
60152,31.36,-12,0.65,18,0.27,3,3916.1,-32,20.55,-32,62.32,-34,False
60257,31.54,69,0.56,21,0.19,76,3914.15,16,3969.21,12,3935.73,172,False
60362,31.07,10,0.57,-7,0.02,33,3917.07,0,11.04,12,3.05,-46,False
60466,31.4,-36,0.52,-5,0.18,9,3915.12,0,40.18,6,57.01,47,False
60571,31.13,-3,0.67,0,31.58,8,3916.1,0,60.06,15,71.77,3,False
60676,31.33,2,0.68,-12,31.6,43,3918.05,-32,78.23,-11,16.77,-30,False
60781,31.39,20,0.63,-21,31.44,46,3918.05,0,42.8,-3,31.71,-4,False
60886,31.36,-5,0.46,7,31.42,17,3916.1,0,56.46,-7,3994.51,-34,False
60990,31.37,-34,0.64,7,31.56,-19,3916.1,32,17.26,-4,3913.6,41,False
61095,31.31,9,0.51,-20,31.6,36,3918.05,-48,4.94,-9,3907.56,34,False
61200,31.13,-37,0.38,16,31.47,-1,3918.05,-16,3987.5,8,12.44,-6,False
61305,31.13,-33,0.3,8,31.47,-11,3919.02,-32,32.8,19,15.3,35,False
61410,31.09,2,0.23,-19,31.37,-6,3917.07,32,80.85,22,30.12,11,False
61515,31.27,7,0.2,-8,31.44,12,3919.02,-16,130.85,6,0.43,13,False
61620,31.14,14,0.27,4,31.44,13,3915.12,16,120.24,-12,3988.66,-11,False
61725,31.09,-5,0.17,8,31.5,20,3917.07,-16,71.65,-13,7.2,-20,False
61830,31.21,-1,0.03,-11,31.62,20,3916.1,32,28.6,4,3965.06,17,False
61935,31.02,3,0.06,-10,31.52,2,3918.05,0,35.67,-5,3994.63,-11,False
62040,31.02,-9,0.1,-20,31.52,-90,3916.1,32,40.67,8,36.22,-9,False
62145,31.05,7,0.03,-4,31.42,-5,3916.1,48,8.35,-7,41.46,-14,False
62250,31.21,71,31.99,-21,31.32,73,3916.1,48,3988.66,42,29.76,3,False
62355,31.27,-49,31.98,-65478,31.35,-15,3916.1,16,3969.45,7,10.55,-112,False
62460,31.25,-6,31.93,-2,31.32,11,3918.05,-16,3970.98,-1,34.02,6,False
62565,31.29,3,31.9,-2,31.22,-16,3919.02,-64,3980.49,4,29.76,-11,False
62669,31.33,-8,31.92,4,31.18,2,3917.07,0,3985.49,-5,11.89,-10,False
62774,31.44,13,32.0,6,31.21,6,3916.1,32,3955.73,-21,26.16,-6,False
62879,31.32,-31,31.87,-4,31.17,-10,3916.1,32,3942.8,7,58.23,7,False
62984,31.21,-21,31.9,0,31.01,14,3918.05,0,3982.62,15,16.65,-10,False
63089,31.28,5,31.98,0,31.1,6,3916.1,16,34.7,12,3959.21,0,False
63194,31.35,9,0.11,-2,31.14,-12,3915.12,64,41.71,-5,3980.67,-1,False
63299,31.38,10,0.19,-7,31.14,-10,3919.02,-16,22.07,-3,3990.91,2,False
63404,31.41,-9,0.15,-17,31.16,-3,3917.07,48,12.62,3,6.34,6,False
63508,31.4,1,0.1,-1,31.12,1,3918.05,0,14.76,0,21.59,2,False
63613,31.34,-7,0.13,-2,31.11,20,3918.05,0,14.21,-10,1.71,-26,False
63717,31.38,-6,0.13,-7,31.09,14,3920.0,-32,7.44,-2,3987.93,1,False
63822,31.39,-1,0.1,-1,31.12,-12,3918.05,0,2.07,1,3995.79,2,False
63927,31.38,13,0.07,7,31.09,-3,3918.05,0,9.39,5,3990.24,2,False
64032,31.37,1,0.06,-3,31.09,2,3916.1,32,20.98,5,3986.83,1,False
64137,31.4,-8,31.99,5,31.15,17,3920.0,-48,18.05,-8,3987.38,4,False
64242,31.44,12,31.91,-3,31.24,12,3920.0,-16,20.67,4,16.1,-2,False
64347,31.35,-6,0.05,0,31.0,-3,3920.98,-32,2.5,-7,24.7,14,False
64452,31.43,0,31.98,-11,31.17,32,3917.07,32,3992.32,-5,33.05,-8,False
64557,31.4,3,0.02,8,31.05,1,3917.07,64,3958.66,-6,10.73,11,False
64661,31.42,-5,31.98,19,31.09,9,3919.02,0,3936.04,-3,9.7,-12,False
64766,31.51,-2,0.26,-47,31.03,-7,3920.98,-32,3926.46,34,0.55,15,False
64871,31.48,-4,0.43,48,31.07,13,3920.98,-32,3956.71,-19,3988.78,-12,False
64975,31.54,14,0.47,-5,31.16,-3,3917.07,32,3975.98,2,7.8,2,False
65080,31.56,-8,0.49,32,31.17,2,3919.02,0,3976.89,1,2.2,-5,False
65185,31.54,16,0.61,-1,31.19,-3,3919.02,32,3970.37,4,3971.46,-6,False
65290,31.57,-15,0.54,15,31.25,12,3919.02,-32,3953.29,-2,4.45,4,False
65395,31.53,-1,0.59,2,31.25,-4,3919.02,0,3961.28,8,2.32,0,False
65499,31.52,-19,0.64,10,31.21,-5,3919.02,-16,3973.78,0,2.07,-6,False
65604,31.5,-35,0.68,4,31.2,-2,3920.0,-32,4.02,8,7.13,-3,False
65709,31.53,-15,0.62,-8,31.25,26,3920.0,0,30.06,2,6.89,13,False
65814,31.52,11,0.51,-11,31.23,-6,3918.05,32,44.88,6,5.24,8,False
65918,31.46,7,0.39,13,31.17,5,3918.05,32,55.43,-1,9.82,-17,False
66023,31.53,-24,0.34,13,31.15,28,3918.05,32,59.76,-7,3984.94,-7,False
66128,31.46,9,0.36,1,31.06,-4,3920.0,0,19.02,-8,3969.39,4,False
66233,31.47,17,0.26,1,31.13,3,3920.0,0,3983.23,-9,1.77,-2,False
66338,31.49,3,0.26,14,31.11,20,3920.0,-32,3956.71,-5,1.1,-3,False
66443,31.49,-5,0.42,27,31.05,-9,3918.05,48,3917.5,-14,6.4,5,False
66548,31.47,5,0.49,9,31.11,14,3920.0,16,3904.15,18,45.24,-7,False
66653,31.48,0,0.64,-4,31.29,-7,3920.98,0,3962.56,8,3986.65,-12,False
66757,31.5,12,0.66,5,31.44,-8,3920.98,-16,3982.01,6,3976.65,-3,False
66862,31.59,21,0.71,-8,31.49,-18,3920.98,0,3984.33,-4,3979.21,3,False
66966,31.61,4,0.63,0,31.44,-2,3920.98,16,3989.33,10,3984.94,-2,False
67071,31.45,-3,0.52,39,31.15,8,3919.02,16,56.34,15,3880.55,-29,False
67176,31.77,14,0.9,1,31.41,2,3920.98,-16,73.6,-5,3967.13,39,False
67281,31.46,-20,0.98,-22,31.36,4,3920.98,16,9.51,-15,18.78,-6,False
67386,31.41,1,0.72,-1,31.38,-8,3922.93,-48,3977.68,-1,19.15,-14,False
67491,31.48,-3,0.57,-9,31.35,-6,3920.98,-48,3971.77,-5,10.61,7,False
67596,31.58,0,0.59,0,31.35,-17,3919.02,16,3960.55,2,7.07,32,False
67701,31.53,-1,0.39,-4,31.3,-8,3920.0,32,3991.71,20,22.93,-14,False
67806,31.44,8,0.51,11,31.12,-8,3918.05,32,47.87,6,3945.61,-12,False
67911,31.48,-2,0.71,-2,31.28,7,3920.0,0,50.55,-3,3960.79,13,False
68015,31.43,-16,0.64,12,31.35,10,3921.95,-32,37.2,-6,3989.45,3,False
68120,31.44,17,0.66,-8,31.39,8,3921.95,-32,1.77,-4,3987.68,15,False
68225,31.4,-2,0.52,-3,31.37,9,3920.0,0,3974.76,-7,12.13,13,False
68330,31.38,-13,0.51,1,31.27,-20,3921.95,-16,3974.21,-4,11.89,-9,False
68435,31.43,3,0.49,-16,31.24,3,3920.0,16,3977.38,-2,15.37,1,False
68540,31.41,1,0.58,7,31.25,-10,3920.0,16,3983.48,1,3992.38,-1,False
68645,31.49,3,0.53,-9,31.35,-21,3921.95,-16,3983.54,0,7.87,7,False
68750,31.43,10,0.57,2,31.33,-2,3920.0,0,3981.1,2,3990.61,8,False
68855,31.45,-3,0.59,-8,31.37,-2,3921.95,-16,3991.28,-1,2.01,11,False
68960,31.42,3,0.64,9,31.4,-32,3920.0,16,2.93,0,3990.37,9,False
69064,31.4,12,0.66,2,31.4,-27,3920.98,32,5.85,1,3987.07,0,False
69169,31.4,0,0.62,12,31.4,-10,3919.02,32,5.67,-8,3995.79,-1,False
69274,31.41,12,0.6,5,31.36,-10,3920.98,-32,8.35,2,9.94,7,False
69384,31.36,-8,0.53,10,31.33,16,3920.0,32,17.93,2,12.38,-2,False
69489,31.32,2,0.46,0,31.32,-9,3921.95,16,27.13,3,3.05,-3,False
69594,31.29,-20,0.36,-9,31.3,9,3923.9,-48,31.28,0,3988.54,-9,False
69699,31.32,15,0.25,-11,31.29,8,3920.98,0,8.17,-10,3982.74,8,False
69804,31.32,-2,0.09,-19,31.25,8,3922.93,-32,3971.22,0,8.6,11,False
69909,31.24,3,31.99,-7,31.18,0,3922.93,-32,3992.87,8,3989.57,-7,False
70014,31.31,9,0.03,2,31.22,12,3922.93,-16,20.37,-3,3990.37,-1,False
70119,31.26,-1,0.17,-8,31.22,-17,3921.95,0,23.41,2,3989.88,-13,False
70224,31.25,16,0.29,-11,31.26,-7,3921.95,-32,20.0,0,3993.72,5,False
70329,31.24,7,0.29,-7,31.31,-39,3921.95,0,10.67,-4,3992.5,2,False
70434,31.29,6,0.39,8,31.31,0,3921.95,0,3994.82,-1,3986.4,5,False
70539,31.32,4,0.45,-13,31.31,6,3921.95,-16,3976.89,-2,7.8,-3,False
70644,31.33,-1,0.47,5,31.28,8,3921.95,16,3966.46,-1,2.99,10,False
70749,31.34,11,0.46,16,31.3,12,3922.93,-32,3961.22,-1,0.37,4,False
70854,31.33,6,0.44,-1,31.33,-17,3922.93,16,3963.48,0,3994.7,-2,False
70959,31.32,-8,0.43,3,31.32,-7,3920.98,32,3979.02,1,3.78,-4,False
71063,31.3,-4,0.55,2,31.34,1,3922.93,-16,3990.85,0,3986.52,-1,False
71168,31.36,-14,0.43,12,31.4,-16,3922.93,16,3982.26,-1,6.95,-5,False
71273,31.3,-5,0.51,-3,31.35,11,3922.93,-48,3987.38,3,2.38,-5,False
71378,31.34,2,0.52,-13,31.38,26,3922.93,0,3988.9,0,3990.98,4,False
71483,31.33,-4,0.5,1,31.4,-25,3922.93,-16,3990.91,2,3.05,-6,False
71588,31.27,-1,0.57,-1,31.38,-14,3922.93,-16,3993.84,-2,3986.28,-3,False
71693,31.35,4,0.55,1,31.42,14,3922.93,-16,3990.73,-2,3988.29,-9,False
71798,31.32,5,0.59,1,31.44,-12,3922.93,16,3994.57,2,3.48,-6,False
71903,31.34,-4,0.48,13,31.44,-19,3924.88,-48,0.06,-1,16.04,1,False
72008,31.25,-19,0.52,-1,31.33,-4,3922.93,0,12.74,2,8.72,-14,False
72112,31.26,6,0.52,-1,31.35,4,3922.93,16,20.55,-2,3991.59,-3,False
72217,31.3,7,0.51,-2,31.4,4,3920.0,32,9.88,-3,0.18,0,False
72322,31.36,-8,0.45,-15,31.4,9,3920.0,96,1.28,-5,16.65,7,False
72427,31.34,-23,0.32,-2,31.35,12,3923.9,0,3993.48,3,28.29,9,False
72532,31.06,2,0.23,8,31.21,-14,3921.95,0,0.98,-7,22.44,-35,False
72637,31.25,6,0.2,9,31.37,7,3923.9,-16,3971.52,-4,1.1,26,False
72742,31.5,1,31.97,-5,31.31,-3,3923.9,-16,3974.45,1,126.65,24,False
72847,31.59,-7,0.03,-14,30.92,16,3923.9,16,3993.48,4,215.37,-15,False
72951,31.58,11,31.91,-2,30.85,-11,3922.93,32,3993.35,-3,87.68,-45,False
73056,31.49,8,0.02,-2,30.78,-5,3923.9,16,3970.0,-15,3843.96,-113,False
73161,31.09,21,0.25,-10,30.73,38,3922.93,0,3818.05,-4,3207.26,69,False
73266,31.25,-8,0.47,-10,0.05,9,3922.93,0,3958.96,26,3956.71,16,False
73371,31.58,0,0.31,-7,0.18,-12,3922.93,32,3963.72,17,134.09,156,False
73481,31.41,23,0.07,-46,31.3,-18,3924.88,-16,55.49,26,633.41,151,False
73586,31.46,19,31.87,-12,30.56,-17,3924.88,0,21.89,-23,255.37,-295,False
73691,31.97,0,31.97,4,30.81,-7,3922.93,32,3965.0,-15,3970.0,-21,False
73796,31.69,-17,0.07,23,30.74,21,3924.88,0,3950.79,-4,3865.73,-61,False
73901,31.56,-11,0.08,10,30.79,70,3924.88,-32,10.73,18,3835.12,-8,False
74006,31.45,23,0.05,-2,31.13,-15,3926.83,-32,21.77,19,3917.13,68,False
74111,31.54,-53,0.05,28,31.19,56,3924.88,-16,71.95,8,3919.57,12,False
74216,31.43,-64,0.07,37,31.14,3,3923.9,-32,32.2,3,188.17,71,False
74321,31.2,-85,0.24,16,30.93,68,3923.9,-32,3943.29,-46,5.61,65424,False
74426,31.15,-112,0.19,5,31.18,83,3923.9,0,3939.39,-31,3826.04,-19,False
74530,30.96,112,0.12,-40,31.34,-42,3923.9,32,3942.01,10,197.01,-113,False
74635,31.37,-45,0.1,-7,30.86,-62,3923.9,32,3972.01,15,216.65,-78,False
74740,31.57,-29,31.94,-1,30.91,-97,3923.9,16,3960.37,11,3943.23,53,False
74845,31.44,14,0.09,2,30.76,42,3923.9,16,3987.07,10,6.65,-35,False
74950,31.78,12,0.13,-1,31.12,78,3923.9,16,19.02,-8,5.91,15,False
75055,31.98,-35,0.09,-47,31.2,-26,3926.83,-64,3969.33,-35,43.66,81,False
75160,31.79,-70,0.1,0,30.59,-15,3924.88,0,3986.89,40,75.67,-20,False
75265,31.4,-3,0.25,11,30.83,-20,3922.93,32,3943.48,-31,3758.66,-50,False
75369,31.58,-18,0.31,-22,31.51,45,3924.88,-16,3885.37,-16,3838.9,51,False
75474,31.29,-1,0.07,-30,31.35,7,3924.88,0,3915.55,-8,70.3,-15,False
75579,31.29,16,0.02,13,31.22,20,3922.93,-16,3941.22,2,3971.95,-3,False
75684,31.35,-59,0.02,16,31.37,3,3922.93,16,3921.52,-7,3983.72,7,False
75789,31.0,-4,31.92,7,31.12,8,3924.88,-16,3963.6,16,3939.45,-49,False
75894,31.18,-3,31.83,5,31.59,23,3924.88,16,3944.7,-2,3917.07,12,False
75998,31.12,2,0.01,-2,31.66,-21,3923.9,32,3966.22,17,2.2,41,False
76103,31.17,-64,0.15,37,31.31,-22,3923.9,32,17.62,-11,318.17,33,False
76208,31.33,23,0.14,-10,30.78,4,3925.85,0,1.46,-2,101.59,-104,False
76313,31.31,24,0.08,20,31.1,7,3925.85,-32,3962.5,-21,3930.06,-76,False
76417,31.2,-23,0.12,26,31.07,16,3925.85,32,3982.68,-4,2.13,65460,False
76522,31.25,-20,0.06,-5,31.08,34,3923.9,32,16.83,-17,37.56,-99,False
76627,31.22,-6,0.08,-5,31.22,-37,3925.85,0,3967.56,-7,3959.94,-13,False
76732,31.51,10,0.07,3,31.31,57,3924.88,16,3932.87,-7,64.7,61,False
76837,31.93,0,0.12,-1,30.87,-44,3924.88,-16,3952.8,17,193.41,-19,False
76942,31.81,10,0.08,6,30.76,6,3924.88,0,23.84,-7,118.84,17,False
77047,0.0,-1,0.01,-5,30.86,-15,3924.88,0,32.56,25,47.32,74,False
77152,31.66,-20,0.24,1,30.9,-23,3925.85,-16,8.66,-31,7.8,-124,False
77257,0.35,32,31.9,16,30.9,67,3927.8,-48,17.13,24,3906.46,66,False
77361,31.83,14,0.12,-28,31.02,-43,3923.9,16,3982.56,-6,39.76,-32,False
77465,31.66,-13,0.12,-15,30.87,11,3925.85,-32,4.09,-23,3963.54,-104,False
77570,31.41,-107,0.19,-38,31.0,12,3925.85,-32,3954.39,-43,3946.83,-68,False
77675,31.76,-156,0.06,-32,30.86,-41,3925.85,32,3955.18,14,3909.02,91,False
77780,31.83,-8,0.03,9,30.94,6,3923.9,32,3975.37,11,3901.04,52,False
77885,31.64,4,0.07,17,30.98,-12,3925.85,0,14.51,10,24.76,27,False
77990,31.46,24,0.17,29,31.13,6,3925.85,0,0.43,65525,57.62,4,False
78095,31.44,-58,0.04,17,30.68,2,3924.88,48,3988.84,-8,3930.3,-150,False
78200,31.38,20,0.03,1,30.97,91,3927.8,0,3973.6,23,3695.67,23,False
78305,31.62,12,0.14,-19,31.57,-9,3926.83,-32,8.54,25,3902.2,145,False
78410,31.17,16,0.22,-9,31.52,18,3924.88,0,21.83,1,3911.16,65,False
78515,31.31,6,0.22,-1,31.91,11,3924.88,0,3963.11,14,3843.78,111,False
78620,31.0,4,0.2,-12,31.94,-4,3925.85,16,3984.94,5,3940.43,13,False
78725,31.13,-1,0.18,23,31.94,-28,3927.8,0,19.45,-2,23.78,24,False
78830,31.0,18,0.21,0,31.69,20,3925.85,32,51.95,6,81.04,3,False
78935,31.1,-19,0.25,11,31.59,-3,3925.85,0,52.01,-17,135.98,-36,False
79040,31.31,-23,0.15,13,31.39,-14,3925.85,0,4.94,-9,133.78,-9,False
79145,31.2,-21,0.11,-10,31.17,11,3927.8,-32,3995.3,6,105.06,-56,False
79250,31.48,10,0.06,-11,31.26,5,3923.9,32,3971.77,-5,3945.12,46,False
79355,31.3,13,0.09,1,31.09,13,3926.83,16,3980.24,-2,3992.8,-15,False
79460,31.29,13,0.09,4,31.13,5,3926.83,-16,3977.07,2,3926.89,-27,False
79565,31.22,11,0.19,9,31.44,35,3926.83,0,3914.27,1,3700.55,34,False
79670,31.12,-7,0.15,-3,31.7,-3,3924.88,48,3973.54,14,3963.05,24,False
79775,30.87,-36,0.02,-3,31.59,-21,3926.83,32,36.52,21,88.23,4,False
79880,30.34,97,0.18,12,31.26,63,3926.83,32,115.98,22,3985.06,-72,False
79985,31.27,32,31.58,-22,31.27,-1,3926.83,0,285.24,24,234.7,-11,False
80089,31.47,-29,31.39,-26,31.45,-57,3926.83,0,253.9,-24,83.54,-43,False
80194,31.54,54,31.45,-19,31.44,18,3925.85,16,143.54,-17,42.68,-29,False
80299,31.73,-213,31.53,91,0.1,120,3925.85,16,78.6,-72,116.28,66,False
80404,31.73,-66,31.08,41,31.71,7,3927.8,0,9.88,4,3.29,-24,False
80508,31.51,-15,31.39,59,31.85,13,3929.76,-32,3985.12,-35,3972.62,-54,False
80613,31.45,-24,31.14,20,31.82,-17,3925.85,32,3995.49,0,3966.59,-28,False
80718,31.55,-12,31.26,9,31.81,14,3927.8,-64,7.26,-10,3988.84,-4,False
80823,31.47,-39,31.46,28,31.83,9,3927.8,-32,3974.57,-31,16.83,-37,False
80928,31.28,-2,31.52,9,31.81,12,3927.8,-32,3878.23,-32,10.3,-30,False
81033,31.53,3,31.32,11,31.36,1,3927.8,-32,3821.89,3,67.5,-23,False
81138,31.57,-5,31.43,9,31.1,28,3926.83,-32,3826.71,1,12.07,5,False
81243,31.47,19,31.47,13,30.95,-7,3926.83,0,3882.99,11,56.65,-42,False
81348,31.61,-10,31.53,-11,30.9,41,3926.83,0,3940.3,11,3941.65,-5,False
81453,31.59,-12,31.58,2,31.13,5,3928.78,-32,3980.0,11,8.29,32,False
81557,31.44,25,31.76,1,31.05,3,3926.83,0,3991.34,2,20.85,-7,False
81662,31.51,2,31.75,-4,31.08,2,3926.83,32,3984.51,-4,3989.33,-3,False
81767,31.55,8,31.72,-7,31.01,-11,3928.78,0,3986.16,3,16.59,-4,False
81877,31.6,-5,31.72,3,31.02,-2,3928.78,0,3988.84,-1,2.8,-13,False
81983,31.67,-2,31.73,13,31.07,-23,3925.85,48,3981.04,-2,13.35,-9,False
82088,31.71,-16,31.82,7,31.31,7,3927.8,16,3937.8,-25,3961.4,-29,False
82193,31.78,7,31.91,13,31.32,-14,3929.76,-16,3883.9,-4,3995.37,-65461,False
82298,31.41,22,0.67,1,30.97,15,3927.8,0,3749.57,-53,3914.88,-208,False
82403,31.82,60,1.37,-23,31.19,9,3925.85,32,3797.26,53,3795.0,23,False
82507,31.7,-9,0.97,0,31.5,-4,3927.8,0,33.6,26,53.72,-22,False
82612,31.76,23,0.88,-11,31.45,7,3929.76,-32,26.59,-13,3981.83,12,False
82716,31.85,-19,0.84,12,31.45,7,3926.83,48,3979.88,-5,3966.89,-5,False
82821,31.85,-18,0.91,-5,31.49,-32,3928.78,-16,3984.51,7,3960.55,-5,False
82926,31.84,-11,0.87,-4,31.49,7,3928.78,16,3993.6,4,3992.44,14,False
83031,31.75,8,0.88,0,31.49,-1,3928.78,-32,3989.82,-4,3989.33,-5,False
83136,31.75,5,0.88,15,31.5,-10,3927.8,16,3993.41,5,3985.67,1,False
83241,31.78,15,0.9,-17,31.51,-9,3927.8,48,2.07,0,3993.78,3,False
83346,31.79,-18,0.89,-4,31.5,13,3929.76,-32,2.93,2,3989.39,1,False
83451,31.66,-32,0.86,-5,31.41,-6,3927.8,0,2.68,9,3949.15,-40,False
83556,31.92,25,0.84,18,31.61,42,3929.76,-32,3.9,-1,3927.74,118,False
83661,31.79,-16,0.8,11,31.52,-19,3925.85,64,18.05,-1,48.41,24,False
83766,31.76,-37,0.81,2,31.59,-34,3928.78,-16,6.95,-1,38.17,12,False
83871,31.79,22,0.91,22,31.6,-3,3927.8,32,3991.28,-7,3944.02,-62,False
83975,31.9,-15,1.01,7,31.68,-24,3928.78,0,3995.24,-2,3961.1,69,False
84080,31.91,16,0.99,6,31.68,19,3928.78,0,0.79,-13,3956.28,34,False
84185,31.7,15,1.09,-11,31.55,29,3928.78,-32,3984.02,-5,10.49,8,False
84290,31.63,-6,0.9,-14,31.49,4,3927.8,16,3968.84,4,100.12,34,False
84395,31.35,-40,0.59,-31,31.32,-23,3927.8,0,30.3,-5,159.94,-67,False
84500,31.48,-5,0.4,1,31.18,10,3927.8,32,57.38,13,106.1,-31,False
84604,31.49,-35,0.51,-68,31.78,-282,3927.8,-32,39.09,-46,92.56,40,False
84709,31.57,3,0.2,-3,31.07,-30,3927.8,0,37.07,1,49.82,38,False
84814,31.59,-12,0.16,-9,30.99,2,3928.78,16,11.65,4,24.21,8,False
84919,31.56,2,0.13,5,30.97,-18,3928.78,16,3979.45,-7,3989.57,-16,False
85024,31.64,13,32.0,-21,31.03,-9,3928.78,0,3981.83,16,3977.74,-22,False
85129,31.78,13,31.96,-15,31.1,2,3928.78,16,3987.26,12,3974.15,120,False
85234,31.57,-15,31.99,1,30.97,-9,3928.78,0,3990.79,2,7.07,-4,False
85339,31.49,11,31.91,-7,31.01,-24,3928.78,16,3996.04,-65534,1.4,-12,False
85445,31.57,21,31.94,0,30.93,12,3929.76,-16,4.76,-8,3992.38,6,False
85550,31.48,-24,0.08,14,30.82,-19,3929.76,16,3971.71,-9,22.5,-26,False
85655,31.52,44,0.1,8,31.06,-18,3929.76,16,3981.89,3,3948.66,30,False
85760,31.5,9,0.09,2,31.01,14,3929.76,-16,3966.52,4,3949.45,34,False
85865,31.43,-10,31.96,0,31.24,-17,3929.76,-32,3975.3,0,3970.18,15,False
85974,31.37,-19,31.95,-3,31.09,20,3930.73,-32,3985.18,15,8.29,37,False
86080,31.38,-1,31.83,0,31.01,-28,3928.78,0,17.87,9,27.38,-13,False
86185,31.22,122,0.09,-21,31.1,5,3928.78,32,21.89,-5,3952.07,-102,False
86290,31.43,15,0.02,-15,31.04,-17,3930.73,0,8.72,8,3991.04,6,False
86394,31.45,-10,31.93,19,31.22,0,3928.78,32,37.32,-10,22.01,1,False
86499,31.31,-5,31.99,-4,31.17,-7,3931.71,-48,9.33,-11,30.3,-14,False
86604,31.35,10,31.95,-6,31.07,33,3927.8,48,3988.78,0,3984.82,-10,False
86709,31.36,23,0.15,1,31.1,7,3931.71,-32,3987.68,5,3967.5,-2,False
86814,31.36,-8,0.24,-26,31.02,-44,3929.76,32,3977.38,7,5.79,-44,False
86919,31.5,-5,0.05,0,31.1,10,3929.76,0,3974.94,10,27.56,7,False
87023,31.47,9,0.04,7,31.11,18,3929.76,0,3995.55,5,37.01,-16,False
87128,31.52,20,0.09,1,30.97,-2,3930.73,16,9.27,1,27.38,-10,False
87233,31.75,35,0.13,-22,31.03,12,3930.73,0,3979.21,-6,3991.1,-65454,False
87338,31.65,-9,0.14,-3,30.95,14,3928.78,0,3964.21,-2,14.88,-13,False
87442,0.06,147,31.73,313,30.88,2198,3929.76,-16,3946.16,125,3890.73,884,False
87547,31.45,199,31.78,-127,31.27,-3,3929.76,16,44.82,-144,277.07,-110,False
87652,31.74,20,0.01,-17,30.93,13,3929.76,16,3920.73,-3,3980.37,7,False
87757,31.69,-9,0.02,6,30.84,17,3929.76,0,3905.3,18,22.44,2,False
87862,31.67,-3,31.88,-2,30.91,-15,3931.71,0,3983.66,27,3990.0,-43,False
87967,31.56,-35,0.05,17,31.27,17,3931.71,-32,34.21,-24,3985.0,45,False
88071,31.45,-27,0.33,-11,31.0,17,3929.76,32,3984.45,-7,3964.09,-5,False
88176,31.43,1,0.14,13,31.07,-13,3931.71,-32,3989.94,-4,3967.32,-17,False
88281,31.45,-11,0.08,21,31.05,-5,3931.71,-32,3982.93,-3,3979.02,1,False
88386,31.42,3,0.04,4,31.08,32,3928.78,16,3982.26,6,3994.15,8,False
88491,31.4,18,0.1,-14,31.09,-21,3928.78,32,3992.74,21,3982.5,37,False
88596,31.38,14,0.14,5,31.08,5,3930.73,32,14.15,-1,3992.74,-5,False
88701,31.43,-3,0.2,-13,31.17,-6,3930.73,-32,3995.12,-9,3939.76,3,False
88806,31.39,-24,0.01,27,31.07,46,3931.71,16,10.61,3,6.59,-11,False
88911,31.26,-5,0.22,5,31.19,21,3931.71,0,4.63,-10,21.71,-24,False
89016,31.41,-30,0.05,20,31.04,41,3929.76,32,12.8,10,12.32,-47,False
89121,31.53,-29,0.1,17,31.17,18,3930.73,-16,19.15,-4,3961.04,24,False
89226,31.09,6,0.31,11,31.31,18,3928.78,64,3985.24,-13,3929.82,-40,False
89331,31.27,-39,0.28,7,31.5,19,3932.68,0,0.98,-16,3973.48,59,False
89436,31.23,-52,0.03,-3,31.38,23,3931.71,-16,9.57,-2,4.15,56,False
89540,31.17,51,0.25,-1,31.4,-51,3931.71,0,3987.13,30,3971.16,5,False
89645,31.2,-25,0.33,-1,31.65,-20,3929.76,32,3991.4,-19,77.87,8,False
89750,31.14,-8,0.14,-9,31.29,-9,3930.73,48,3938.72,-4,43.96,-13,False
89855,31.17,6,0.13,6,31.32,3,3929.76,32,3948.48,13,16.89,26,False
89960,31.25,-10,0.14,8,31.31,10,3930.73,0,3958.11,6,3988.84,17,False
90065,31.21,3,0.12,-3,31.28,-7,3930.73,0,3978.41,4,17.38,-16,False
90170,31.18,-34,0.2,3,31.31,19,3933.66,-16,3.72,-4,6.77,-3,False
90275,31.24,2,0.18,-10,31.36,-12,3931.71,0,0.37,-5,5.37,-3,False
90380,31.21,-9,0.17,7,31.37,3,3931.71,0,0.49,4,3.72,11,False
90484,31.19,1,0.23,3,31.36,-7,3931.71,0,1.71,-5,22.99,4,False
90589,31.22,8,0.28,-2,31.32,13,3932.68,-16,3969.27,1,47.68,12,False
90694,31.27,-3,0.31,-2,31.24,3,3932.68,-16,3937.32,-2,42.5,5,False
90799,31.37,-12,0.17,-20,31.15,-30,3934.63,-32,3938.78,8,81.1,19,False
90904,31.46,23,32.0,-13,30.83,-1,3931.71,16,3967.01,11,92.99,-18,False
91009,31.53,5,31.92,6,30.88,23,3931.71,0,3989.57,-5,3965.67,-23,False
91114,31.68,14,31.82,-7,31.09,8,3932.68,-16,3991.34,-6,3934.21,-16,False
91219,31.71,6,31.79,3,31.09,4,3930.73,0,3986.89,-8,3990.61,-7,False
91324,31.52,-15,31.75,20,31.04,-23,3932.68,0,3978.6,2,3988.29,-21,False
91429,31.67,-11,31.63,-4,31.08,-5,3933.66,-16,3965.91,-6,3979.21,12,False
91534,31.52,14,31.67,-5,31.12,14,3931.71,0,3950.37,0,3868.9,2,False
91639,31.28,5,31.77,-1,31.22,47,3934.63,-48,3972.01,12,3724.63,8,False
91744,30.89,-29,0.14,5,31.83,3,3932.68,-32,11.59,11,3646.95,50,False
91849,31.02,-34,0.29,38,0.28,-14,3932.68,-32,106.1,21,3860.3,39,False
91953,31.17,21,0.41,-10,0.44,1,3933.66,-48,120.18,-3,3890.91,-56,False
92058,31.48,3,0.33,6,0.56,11,3931.71,0,71.16,-15,3926.77,10,False
92163,31.49,-22,0.33,-5,0.76,5,3933.66,0,3983.66,-26,3994.82,-12,False
92268,31.61,-45,0.25,11,0.71,-18,3932.68,-16,3915.49,-14,167.74,58,False
92372,31.39,5,0.25,1,0.2,5,3931.71,0,3878.23,-2,282.93,0,False
92477,31.16,-10,0.09,14,31.64,-43,3932.68,0,3906.77,14,335.49,10,False
92582,31.07,-22,0.16,19,31.34,-24,3932.68,-32,3899.94,-31,169.7,-66,False
92687,31.2,35,0.31,-29,31.21,36,3932.68,0,3841.95,-1,3874.94,-41,False
92792,31.13,-2,0.43,-2,31.35,-15,3931.71,16,3852.32,-5,3873.29,-21,False
92897,31.24,-21,0.47,-10,31.55,4,3931.71,0,3886.22,19,3909.09,46,False
93002,31.61,-189,0.87,25,31.67,-35,3932.68,16,3911.28,0,157.2,21,False
93107,31.11,-4,0.74,-7,31.2,19,3932.68,-32,3866.16,-6,211.28,-197,False
93212,31.32,16,0.66,-2,31.35,-16,3932.68,-48,3892.8,6,53.11,6,False
93317,31.29,18,0.8,21,31.59,15,3933.66,-16,3953.35,0,3895.37,-18,False
93422,31.44,-33,0.94,4,31.85,-6,3933.66,-32,3953.96,-27,54.51,-9,False
93527,31.41,-5,0.76,7,31.93,-28,3931.71,0,3931.65,-6,105.98,-6,False
93632,31.32,22,0.66,2,31.73,5,3932.68,-16,3939.21,-4,199.02,-47,False
93737,31.23,-12,0.47,-4,31.49,3,3932.68,0,3984.51,-3,91.59,-56,False
93842,31.25,17,0.45,-19,31.54,4,3932.68,0,3970.85,-4,3762.5,-34,False
93947,31.6,-7,0.75,-2,0.0,65524,3931.71,-16,26.71,19,3867.5,139,False
94052,31.31,17,0.8,-3,31.9,-14,3931.71,-16,3981.34,-1,3958.6,-10,False
94157,31.44,1,0.58,8,31.96,-15,3933.66,32,3984.21,-4,2.07,-6,False
94262,31.25,25,0.58,15,31.9,-1,3931.71,0,3965.06,-14,38.48,16,False
94371,31.25,-1,0.61,-18,31.95,-26,3933.66,-16,3969.45,4,53.54,13,False
94476,31.16,-24,0.82,11,31.96,14,3931.71,48,3963.84,-11,13.48,0,False
94581,31.41,5,0.73,-9,0.07,-46,3935.61,-32,3964.94,-10,46.22,-18,False
94686,31.44,-29,0.73,-8,31.94,15,3933.66,0,3947.2,-6,45.85,-27,False
94791,31.41,4,0.63,-11,31.95,0,3932.68,16,3965.37,4,37.74,2,False
94896,31.33,5,0.6,-10,0.07,3,3930.73,32,3969.88,6,48.41,0,False
95001,31.19,19,0.63,22,0.16,-10,3932.68,0,3985.85,3,16.77,-12,False
95106,31.26,-4,0.63,-4,0.13,10,3932.68,0,8.84,4,10.61,21,False
95211,31.1,-67,0.79,-18,0.02,65455,3933.66,0,22.5,9,66.95,70,False
95316,31.41,13,0.62,-2,31.58,-21,3933.66,0,15.61,27,3953.23,60,False
95420,31.3,10,0.47,7,31.59,-15,3934.63,16,62.07,-1,23.48,28,False
95525,31.36,3,0.44,14,31.39,1,3934.63,-48,106.59,12,3985.18,42,False
95629,31.31,-12,0.42,-24,31.46,-27,3934.63,-32,131.95,-2,4.88,-3,False
95734,31.21,-5,0.48,-17,31.34,-7,3932.68,0,185.24,13,54.82,-6,False
95839,31.35,-20,0.4,16,31.1,0,3933.66,-16,174.45,-17,3991.59,-84,False
95944,31.52,44,0.47,16,31.19,28,3933.66,0,150.06,-16,3904.45,19,False
96049,31.57,-52,0.61,-34,31.27,-5,3933.66,0,116.28,3,3983.66,27,False
96154,31.47,1,0.54,-11,31.26,-4,3932.68,16,67.13,-19,3988.05,9,False
96259,31.44,5,0.44,-6,31.15,5,3934.63,0,44.63,-3,4.15,17,False
96364,31.4,26,0.59,-18,31.05,-16,3933.66,16,26.89,-14,3966.65,26,False
96469,31.57,-72,0.33,-49,31.25,43,3933.66,-32,23.17,-7,3984.76,-55,False
96574,31.48,-15,0.4,4,31.13,9,3934.63,-16,23.48,-5,3991.95,30,False
96679,31.38,12,0.37,4,31.34,6,3934.63,-16,7.62,-1,23.84,6,False
96784,31.44,3,0.39,6,31.16,-3,3931.71,48,8.29,-6,3967.74,9,False
96889,31.47,-7,0.34,3,31.19,10,3935.61,-32,1.83,-2,19.57,2,False
96994,31.45,-16,0.39,-4,31.16,-13,3931.71,32,3993.17,-2,3980.61,2,False
97099,31.44,-13,0.3,-1,31.13,0,3934.63,16,3993.9,4,2.2,10,False
97204,31.33,-5,0.31,6,31.07,5,3934.63,0,20.37,11,3993.41,-15,False
97309,31.47,-14,0.28,6,31.15,-11,3933.66,16,12.62,-5,3963.9,7,False
97414,31.46,-8,0.35,3,31.14,12,3935.61,-32,10.06,-7,19.63,6,False
97519,31.46,-7,0.39,0,31.13,4,3933.66,-32,3.9,-7,3993.54,2,False
97624,31.44,-5,0.31,4,31.16,12,3934.63,16,3993.78,-2,8.35,-6,False
97729,31.41,-14,0.35,-7,31.04,-2,3934.63,0,3983.66,0,3.72,-1,False
97834,31.42,-5,0.35,-10,31.07,-9,3934.63,-32,3977.38,0,3991.65,-3,False
97939,31.46,3,0.32,10,31.14,3,3933.66,16,3966.46,-5,3.41,1,False
98044,31.48,-12,0.27,-1,31.21,-21,3933.66,0,3950.73,-4,12.13,3,False
98149,31.4,1,0.28,10,31.16,-48,3933.66,0,3939.51,-1,29.15,-1,False
98254,31.36,-11,0.25,6,31.15,27,3936.59,-32,3939.02,-4,26.65,-11,False
98359,31.39,9,0.25,-5,31.13,17,3934.63,-32,3934.7,-1,4.15,-5,False
98464,31.43,-6,0.34,0,31.16,15,3934.63,0,3922.44,-3,23.9,12,False
98570,31.37,0,0.38,7,31.19,-2,3933.66,32,3916.4,-2,39.09,1,False
98675,31.35,-4,0.35,6,31.22,7,3933.66,32,3927.5,8,38.96,-5,False
98780,31.33,-2,0.25,-4,31.25,17,3934.63,-16,3945.61,7,30.91,-28,False
98884,31.32,-8,0.22,6,31.21,5,3934.63,0,3973.41,17,20.55,-1,False
98989,31.29,-9,0.3,4,31.2,17,3934.63,0,21.77,8,3991.59,-15,False
99094,31.43,-1,0.35,-6,31.1,18,3935.61,-48,27.13,-5,3964.82,9,False
99199,31.44,-23,0.33,-19,31.07,-19,3935.61,-32,4.88,-6,3992.2,4,False
99304,31.46,4,0.23,-1,31.17,7,3935.61,-32,5.43,9,20.12,3,False
99409,31.44,-17,0.25,-4,31.12,3,3936.59,0,0.98,-5,3993.41,-5,False
99513,31.38,-3,0.24,7,31.08,15,3934.63,0,3988.48,2,20.98,-3,False
99618,31.38,3,0.24,10,31.13,-1,3935.61,16,3991.46,-6,8.54,-1,False
99723,31.37,2,0.22,8,31.1,20,3935.61,0,3986.71,2,3986.04,12,False
99828,31.36,13,0.17,-22,31.17,-9,3936.59,16,1.89,8,3992.01,6,False
99933,31.34,0,0.21,-7,31.17,14,3934.63,-16,7.87,-1,3973.84,-2,False
100038,31.35,16,0.22,12,31.25,-17,3936.59,-32,3.29,6,3959.39,29,False
100143,31.22,-2,0.2,-15,31.26,-57,3935.61,0,4.09,19,3945.73,9,False
100248,31.24,38,0.22,21,31.45,43,3933.66,32,6.65,-27,3887.07,-8,False
100353,31.04,37,0.2,-20,31.29,-7,3934.63,0,14.63,13,3959.82,-88,False
100458,31.16,-5,0.08,-1,31.52,-15,3935.61,-16,19.45,3,10.98,63,False
100563,31.15,18,31.99,5,31.4,46,3937.56,-32,42.99,-1,3909.21,-3,False
100668,31.04,-2,0.09,8,31.53,-21,3934.63,16,40.37,16,3953.17,-3,False
100773,31.13,-15,0.14,-5,31.64,-1,3936.59,0,15.18,-1,3993.96,14,False
100878,31.03,-6,0.26,-10,31.51,5,3936.59,-32,3990.79,3,18.11,-43,False
100983,31.08,-8,0.27,-2,31.51,-47,3933.66,32,3978.11,12,57.93,-3,False
101088,31.17,-35,0.06,-6,31.43,-16,3937.56,-32,3988.35,2,41.04,-6,False
101193,31.2,1,31.97,10,31.4,47,3935.61,-32,3986.28,0,3991.89,28,False
101298,31.02,7,31.83,158,31.4,-131,3934.63,32,3985.61,-92,3987.87,-172,False
101403,31.23,-7,31.91,-32,31.39,-1,3934.63,0,3995.49,-65522,39.45,-21,False
101508,31.2,-12,31.88,-7,31.42,-1,3935.61,0,19.02,7,3980.43,8,False
101613,31.12,0,31.95,5,31.48,-2,3934.63,16,29.39,-8,3973.54,11,False
101718,31.06,12,0.05,-2,31.56,7,3934.63,32,3995.61,-4,19.76,74,False
101823,30.96,-49,31.82,-15,31.26,-76,3937.56,-48,5.79,21,186.77,4,False
101928,31.47,-125,31.56,43,31.32,63,3933.66,32,21.77,-28,18.9,-184,False
102032,31.74,-2,31.48,0,31.38,-4,3936.59,16,3962.26,-16,3895.37,-22,False
102137,31.52,-10,31.5,20,31.23,8,3935.61,-16,0.06,2,9.09,22,False
102242,31.36,-3,31.52,-9,31.34,-2,3934.63,32,3981.59,-2,3934.45,-4,False
102347,31.05,-7,31.62,-6,31.39,-2,3935.61,0,3988.41,11,3902.8,-3,False
102452,31.21,21,31.62,-27,31.48,-8,3937.56,-32,17.74,19,26.83,23,False
102557,31.27,22,31.5,-6,31.24,-13,3936.59,16,49.33,42,147.87,24,False
102662,31.41,-73,31.42,-46,31.37,-65,3937.56,-16,63.66,2,11.89,-21,False
102767,31.48,26,31.17,-19,31.49,-4,3937.56,0,55.18,5,3839.27,-10,False
102872,31.73,4,31.14,9,31.62,-1,3938.54,-32,70.91,-4,3930.49,23,False
102976,0.01,5,31.13,-5,31.87,-39,3937.56,16,35.98,-8,24.15,12,False
103081,0.04,-12,30.99,-3,31.64,-11,3937.56,-32,19.45,20,34.82,33,False
103186,31.74,-8,30.99,-32,31.75,0,3936.59,0,14.82,15,3978.11,-58,False
103291,31.84,4,31.02,4,31.84,-1,3937.56,-16,23.84,1,3961.04,-7,False
103396,31.86,13,31.06,-8,31.85,-9,3937.56,-64,3994.63,-9,3981.71,-2,False
103501,31.83,-1,31.03,19,31.88,-7,3938.54,-32,3976.4,-7,3983.96,-6,False
103606,31.82,-3,31.03,-14,31.85,6,3937.56,16,3977.07,11,3990.18,-2,False
103711,31.86,-10,31.0,-2,31.81,-10,3937.56,32,3978.84,-2,3984.33,-4,False
103816,31.85,9,31.0,3,31.81,20,3936.59,16,3986.22,-6,5.0,11,False
103921,31.84,10,31.01,0,31.78,-11,3937.56,16,3992.07,2,3.9,-2,False
104025,31.8,-5,31.02,-4,31.79,1,3937.56,32,3991.16,2,3.11,-5,False
104130,31.79,2,31.04,-9,31.78,3,3936.59,32,3989.09,1,3994.27,-2,False
104235,31.8,-3,31.05,-5,31.77,-9,3935.61,32,3981.52,-3,3988.05,0,False
104340,31.79,-3,31.03,6,31.71,24,3938.54,-48,3970.06,0,2.74,7,False
104444,31.72,-5,31.11,-34,31.69,-61,3939.51,-48,3972.99,1,10.12,14,False
104549,31.6,-19,31.11,-3,31.63,-1,3939.51,-32,3966.22,1,3984.45,-26,False
104654,31.52,15,31.07,-9,31.57,21,3937.56,0,3950.24,8,3977.38,-2,False
104759,31.61,-11,31.2,24,31.55,15,3937.56,16,3971.4,-2,3992.74,5,False
104864,31.66,-5,31.14,3,31.48,-5,3937.56,32,3975.24,5,3.66,-21,False
104969,31.69,-1,31.1,7,31.46,-12,3938.54,0,3989.45,7,3977.68,5,False
105074,31.66,6,31.13,-3,31.5,4,3939.51,-16,0.43,2,3992.62,-7,False
105179,31.63,29,31.14,16,31.51,-7,3937.56,0,3.35,4,3988.11,16,False
105284,31.64,13,31.14,18,31.53,2,3936.59,0,0.18,-3,3983.96,-2,False
105389,31.63,1,31.13,2,31.51,-11,3935.61,48,1.95,-3,3990.49,-4,False
105494,31.64,-8,31.16,-10,31.56,-16,3937.56,0,6.04,-4,3990.61,7,False
105599,31.64,-11,31.16,14,31.56,13,3936.59,-16,2.26,-4,3989.94,3,False
105704,31.6,-24,31.18,-7,31.55,40,3939.51,-16,3995.18,-16,3995.98,-4,False
105809,31.6,11,31.17,13,31.55,12,3937.56,32,3992.13,-4,3995.61,-5,False
105913,31.62,9,31.15,10,31.54,-15,3937.56,0,3990.24,1,4.21,-11,False
106018,31.59,12,31.15,8,31.51,22,3938.54,0,1.71,3,1.1,-3,False
106123,31.6,16,31.16,3,31.56,5,3939.51,-32,1.83,-1,3985.3,3,False
106228,31.66,-4,31.09,-10,31.51,-22,3936.59,48,6.52,9,3975.0,6,False
106333,31.69,4,31.08,-1,31.56,-16,3938.54,16,21.1,6,3973.48,-7,False
106438,31.63,8,31.09,-13,31.64,25,3937.56,-16,20.85,-19,3995.67,-72,False
106543,31.67,-21,31.1,-1,31.66,17,3939.51,-32,12.99,0,0.85,-10,False
106648,31.75,-5,31.06,-5,31.65,20,3936.59,32,10.49,12,3988.41,14,False
106753,31.72,-11,31.09,8,31.73,5,3937.56,16,3993.78,3,3946.28,14,False
106858,31.83,-26,31.06,40,31.81,11,3937.56,0,3.78,-17,3987.62,35,False
106964,31.82,-7,31.08,-13,31.77,-5,3939.51,16,3986.34,-2,3992.07,5,False
107069,31.77,-6,31.05,-22,31.74,-34,3937.56,32,3988.35,8,3961.89,-2,False
246604,31.72,-14,31.14,-6,0.26,-7,0.98,0,0.3,-1,7.56,-2,False
