Time(ms),Teste,AccX(g),ΔAccX,AccY(g),ΔAccY,AccZ(g),ΔAccZ,GyrX(d/s),ΔGyrX,GyrY(d/s),ΔGyrY,GyrZ(d/s),ΔGyrZ
35745,1,0.78,-4,31.64,-13,31.76,-1,3909.27, 0,40.73,-7,3902.01,-16
36050,1,0.73,-34,31.37,54,31.54,51,3909.27, 0,241.04,51,3854.51,13
36155,1,0.66,-15,31.55,-11,31.42,27,3911.22,-32,125.24,-65,3844.21,-4
36260,1,0.71,10,31.28,-14,30.99,-29,3910.24, 0,3769.15,-79,3834.45,10
36365,1,0.77,-2,31.90,-9,30.79,15,3911.22,-16,3761.95,-3,3972.80,34
36469,1,0.72, 6,31.95, 5,31.03, 9,3908.29, 0,3899.33,36,39.63,16
36574,1,0.74,-5,0.12,-12,31.04,17,3908.29,32,3952.44,-6,79.33, 3
36679,1,0.72,-5,0.01,-7,31.20, 9,3908.29,32,0.43,16,98.78, 1
36784,1,0.79,-26,31.78,-18,31.33,60,3910.24, 0,58.60,15,85.67,-12
36888,1,0.78,-5,31.77,-10,31.54,16,3910.24,-32,3953.54,-70,81.83,-13
36993,1,0.71,35,31.56,-10,31.65,-56,3910.24,-16,3918.90, 7,3.90,-2
37098,1,0.93, 2,31.74,13,31.44,41,3910.24,16,10.00,-15,3994.88,-1
37203,1,0.90, 2,31.63,12,31.56,-32,3909.27,-32,5.98,14,3995.43, 2
37308,1,0.91,-2,31.71,12,31.54,17,3909.27, 0,4.33, 4,3992.93,-6
37413,1,0.90, 1,31.68,10,31.54, 4,3909.27,16,3996.04,-65528,3990.30, 1
37517,1,0.91, 4,31.71, 0,31.53, 2,3909.27,16,1.77,-5,3988.48,-3
37622,1,0.90,-7,31.73,-7,31.52,10,3910.24, 0,3985.12,-7,3983.60, 0
37727,1,0.85,-10,31.71, 8,31.57,-13,3910.24, 0,3977.20, 0,3974.57,-1
37832,1,0.82, 1,31.72, 0,31.56,-14,3908.29,48,3986.77,-2,3961.28, 1
37936,1,0.77,59,31.78,-81,31.60,-10,3911.22, 0,10.79,29,3937.87, 1
38041,1,0.57,-9,31.99, 2,31.50,-10,3909.27, 0,3994.27,-22,3884.33,-8
38146,1,0.19,-82,31.93,-37,30.87,-123,3911.22,-16,3938.11,-54,3822.26,73
38251,1,0.65,122,31.38,753,0.21,60290,3910.24,-32,3948.90,257,3720.37, 0
38355,1,31.74,-10,0.01, 3,29.65,451,3908.29, 0,3988.60,-4,3938.66,48
38460,1,31.60,-41,31.92,13,30.78,70,3908.29,16,3995.37,-25,3956.95,29
38565,1,31.82,128,0.08,20,31.16,-222,3909.27, 0,3963.11,17,36.40,-215
38670,1,31.74, 0,31.96, 5,30.82, 8,3907.32, 0,50.00,-7,3971.40, 8
38775,1,31.78, 1,31.83, 0,30.83, 9,3909.27,-16,31.77,-38,30.61, 1
38880,1,31.82,-5,31.87, 3,30.90,21,3908.29,-32,1.77,13,11.28, 0
38985,1,31.42,292,0.31,64524,31.28,-231,3908.29, 0,86.28,-1080,143.72,-774
39090,1,31.98,13,31.65, 2,30.83,58,3909.27, 0,124.45,30,131.10,10
39195,1,0.10,-1,31.36,-41,31.39,13,3905.37,32,68.90,-36,170.12,-31
39300,1,0.43,17,31.14,-25,31.58, 5,3909.27,-32,98.84,13,125.37,-10
39404,1,0.59, 7,31.19, 5,31.76,111,3910.24, 0,72.87,34,96.46,-14
39509,1,0.71, 6,31.25,14,31.88,71,3908.29,16,71.59,19,76.46,11
39614,1,0.66, 9,31.42,27,0.02,57,3908.29,16,22.62,23,38.90,-5
39719,1,0.75,16,31.55,-29,0.10,17,3911.22,-32,6.83,-20,36.04,-17
39824,1,0.73,-22,31.51,-1,0.37,11,3909.27,-64,26.04, 9,36.71,-32
47404,2,0.95,-62,31.66,37,0.07,63,3908.29,-32,2.44,65477,3995.30,-54
47709,2,0.96,-9,31.68,-23,0.07,26,3907.32, 0,3991.52,-7,3995.24,-5
47814,2,0.96,-3,31.65, 3,0.07, 1,3907.32,-32,3992.50, 0,3994.82,-3
47919,2,0.96,-17,31.65,-5,0.06, 4,3907.32,-16,2.99,-1,3994.70,-3
48024,2,0.97,-17,31.65, 8,0.05,15,3906.34, 0,5.49, 2,3992.56, 4
48129,2,0.95,19,31.65,28,0.07, 4,3906.34,16,0.49, 3,3992.13, 1
48234,2,0.95, 2,31.65,-2,0.07,-13,3907.32, 0,3991.65, 3,3990.55, 0
48339,2,0.93,-4,31.64, 1,0.07,-18,3905.37,48,3989.82, 1,3985.18,-6
48444,2,0.91, 1,31.66,-20,0.07,-10,3905.37,48,3985.91,-1,3978.84,-5
48549,2,0.89,-9,31.65, 2,0.04,29,3906.34,32,3985.18,-8,3966.95,-2
48654,2,0.90,17,31.67,-16,31.99,-6,3906.34,-32,3986.28, 6,3950.61, 8
48759,2,0.82, 7,31.72,-11,31.79,12,3906.34,32,3975.49,-15,3924.15,-15
48864,2,0.71,-15,31.72,12,31.80,12,3908.29,-48,3965.79,18,3876.04,-36
48968,2,0.69, 1,31.82,-3,31.56,-12,3907.32,-64,3969.33, 3,3859.39,-23
49073,2,0.19,-25,31.38,57,31.26,-32,3907.32,-16,3958.41,42,3743.35,-77
49177,2,31.71,-60338,0.30,-258,31.41,-13294,3908.29,-32,3896.34,321,3115.24,9772
49282,2,31.98,-65470,31.70,105,31.11,-613,3906.34, 0,147.56,-48,3867.68,-48
49386,2,31.62,-2,31.86,-1,30.89,-34,3908.29,-16,82.38,26,3953.23,31
49491,2,32.00,-22,32.00,-11,31.16,64,3905.37,16,55.55,24,3970.12, 1
49596,2,31.66,10,31.73, 1,30.88,-45,3905.37,16,81.83,56,3.54, 0
49701,2,31.72,11,31.56,-18,31.05,-14,3906.34, 0,91.71,-35,33.11,-3
49806,2,31.79, 6,31.44,-6,30.98,-6,3904.39, 0,8.41,-8,12.80,-4
49911,2,31.81,-43,31.43,-17,30.76,86,3905.37, 0,91.65, 8,41.71,161
50016,2,32.00,-65512,31.17, 1,30.70, 6,3905.37,32,100.00,-101,82.87,49
50121,2,0.12, 7,31.35,24,31.29,16,3904.39,64,56.95, 5,172.74,12
50225,2,0.37,-17,31.39, 4,31.50,53,3906.34,-32,10.12,37,171.04,-16
50330,2,0.52,22,31.55,-64,31.76,53,3906.34,16,37.07,-42,105.91,-32
50435,2,0.80, 6,31.29,-3,31.88,-11,3903.41,16,59.63,34,59.57, 8
50540,2,0.95,-8,31.37, 2,0.04,11,3905.37,16,19.82,29,53.29,18
50645,2,0.73,-6,31.66,-1,0.19,10,3906.34, 0,45.91,-13,37.32,-17
50750,2,0.95,64,31.72,-78,0.20,-109,3905.37,32,3991.22,-37,20.43,52
50854,2,0.89,-50,31.82,-129,0.20,-25,3906.34,-32,3994.51, 8,18.54,-8
50959,2,0.94,18,31.92,-30,0.40,-21,3906.34, 0,13.90,-30,12.50,-39
51064,2,1.03,-8,31.68,-35,0.21,-4,3906.34, 0,3962.93,30,1.04,17
51169,2,1.03,-45,31.79,17,0.17,100,3907.32, 0,3986.46,-15,29.82,24
51274,2,0.98,-23,31.67,-33,0.25, 6,3907.32, 0,3958.66,12,3991.40,11
51379,2,1.05, 9,31.60,13,0.22,26,3905.37,16,3969.45,56,32.01,39
51484,2,0.82,-33,31.46,-29,0.22,-5,3906.34,-32,3991.28,-5,66.28,-9
51589,2,0.74,-23,31.58, 9,0.38,19,3904.39,-32,32.93, 4,37.80,-11
51694,2,0.69,24,31.71,-1,0.36,14,3906.34,16,48.05,-12,8.90,-6
51799,2,0.79,-6,31.70, 3,0.51, 6,3905.37,32,11.71, 4,7.44,10
51903,2,0.79,23,31.71,-26,0.57,-53,3907.32,-16,3990.18,-7,1.89, 5
52008,2,0.76,-2,31.55,87,0.36,-41,3906.34,-32,3984.27,83,12.44,51
52113,2,0.78,22,31.51,-38,0.56,-28,3906.34,16,3955.67,78,3980.79,-5
58034,3,1.01,-3,31.76,14,32.00,-65532,3908.29, 0,2.01, 2,3990.30,-2
58339,3,0.99,-5,31.77,-6,31.98,-8,3906.34,-16,3995.06,-5,3989.27, 4
58443,3,0.98,-4,31.77,-14,31.97,13,3907.32,32,3995.24, 0,3981.52,-1
58548,3,0.99, 4,31.77,-13,31.95,-11,3909.27,-16,3992.50,-2,3977.38, 1
58653,3,0.98, 4,31.77,-7,31.92,-25,3908.29,-32,3992.01,-1,3970.37, 0
58757,3,0.96, 1,31.78,14,31.88, 1,3908.29,-16,3990.98,-2,3961.34,-1
58862,3,0.92,-6,31.79,-3,31.86,-28,3906.34,48,3985.55, 0,3949.09,-2
58967,3,0.85,-7,31.78, 7,31.79,-4,3907.32, 0,3982.44, 0,3929.51,-7
59071,3,0.74,-16,31.81,-6,31.64,-34,3907.32,-16,3979.51,14,3900.55,10
59176,3,0.37,-50,31.66,-22,31.41,-23,3908.29, 0,3984.09,38,3857.50,-69
59281,3,0.02,65490,31.30,39,31.05,-13,3906.34,32,12.20,37,3748.84,-43
59386,3,31.80,-398,31.13,-153,27.59,-188,3908.29,-64,48.05,228,3816.95,173
59491,3,31.57,-4,31.46,18,30.85,-1,3906.34,16,3947.62,-59,3943.35, 5
59596,3,32.00,-90,0.18,77,31.11,118,3907.32,-32,8.84,-86,144.82,-421
59701,3,0.07,-53,0.18,-15,31.81,-259,3907.32,-16,3946.40,-188,82.62, 5
59805,3,31.91,-77,31.67,-11,30.75,-192,3904.39,32,17.44,-4,60.67,-37
59910,3,0.06,20,31.79,18,30.75,-9,3907.32,-32,10.91,32,37.26, 0
60015,3,0.44,-260,31.32,138,30.95,232,3907.32, 0,3972.87,59,42.62,-11
60120,3,0.42,18,31.86,26,30.99,-115,3906.34, 0,17.01,154,26.95,127
60225,3,0.27,156,31.53,-35,30.86,132,3908.29,-32,8.48,-107,3990.30,-99
60330,3,31.95,-65375,31.88, 5,30.82,-88,3905.37, 0,3992.93,-6,3989.76,60
60435,3,0.19,-33,31.72,46,30.91,12,3905.37,48,25.61, 5,3993.48, 6
60540,3,0.12,24,31.63,-91,30.92,69,3907.32,16,1.65,28,11.65,-19
60645,3,0.11,14,31.74,12,30.96, 8,3906.34, 0,10.55,-8,3994.94,-2
60750,3,0.16, 0,31.70,11,30.86,-22,3906.34,16,12.87,18,19.88,18
60855,3,0.22,43,31.70, 6,30.99,-46,3907.32, 0,10.30,-19,3976.40,39
67938,4,0.98,13,31.75, 2,31.97,-3,3909.27, 0,3988.66, 1,3993.78,-2
68243,4,1.00, 1,31.74, 2,31.99,-65516,3911.22,-16,3993.17,-3,3991.46, 1
68348,4,0.99, 8,31.75,-4,31.97, 5,3908.29,32,3994.09, 5,3989.15, 4
68452,4,1.02,-14,31.73, 5,31.92,-5,3912.20,-32,3995.79, 2,3991.28,-3
68557,4,1.01, 7,31.73, 3,31.89,13,3912.20,-64,1.46, 3,0.55,-2
68662,4,0.99, 4,31.73, 2,31.90,-2,3910.24, 0,2.56, 0,2.20, 1
68767,4,0.97,-12,31.77,-21,31.98,-4,3910.24, 0,3994.45,-3,3991.46,-4
68872,4,0.97, 3,31.76,-8,0.01, 1,3910.24,16,3986.83,-8,3985.06, 3
68977,4,1.00,-15,31.71, 8,31.97,-6,3910.24,-16,3985.18, 6,3985.12, 2
69082,4,0.96, 6,31.73,-8,31.91,-16,3911.22, 0,3989.21, 1,3980.24,-3
69187,4,0.94, 5,31.74,-1,31.89,12,3911.22,-32,3992.74,-4,3964.51,-7
69292,4,0.94,-12,31.76, 2,31.84, 6,3911.22,-16,3987.99,-1,3947.44,-3
69397,4,0.89,10,31.74, 7,31.76, 5,3911.22,-32,3982.93,-4,3936.52, 0
69502,4,0.75,-3,31.77,-4,31.66,32,3911.22,16,3971.52,-4,3915.55,-2
69607,4,0.58,-15,31.78,38,31.45,-17,3909.27, 0,3969.51,-4,3871.16,18
69712,4,0.22,17,31.55,-56,30.89, 5,3911.22,16,5.55,65402,3764.21,-30
69817,4,0.06,275,31.60,-886,29.85,-1953,3909.27,16,3968.84,-613,3777.38,324
69922,4,31.92,29,31.66,-17,30.90,-47,3909.27,16,3987.26, 7,3876.59,66
70027,4,31.58,61,31.73,-296,30.34,130,3912.20,-32,3878.17, 4,3917.20,-67
70132,4,31.14,-8,0.50,-20,31.36,28,3910.24, 0,3993.17,-38,86.77,-61
70237,4,31.20,189,0.07,-142,31.09,-2,3910.24, 0,3964.27,-62,3975.00,-84
70342,4,31.92,-7,31.79,-2,30.84,14,3910.24, 0,35.24,35,17.93,-2
70446,4,0.13,-50,31.87,-72,30.80,26,3908.29,48,28.11,-31,71.89,-3
70551,4,0.14,-11,31.77, 9,31.02,-14,3910.24,-16,13.60,-4,61.59,-9
70656,4,0.11,13,31.74,-20,31.04,-44,3911.22,-32,7.87,10,66.04,-8
70761,4,0.26, 4,31.70,-14,31.16,-3,3911.22,-32,0.18,29,66.46, 7
70865,4,0.48,-73,31.74,-8,31.02,71,3911.22,-16,3986.28,-37,35.06,-40
70970,4,0.40,-11,31.64,17,30.76, 3,3910.24, 0,3985.85,16,3970.98,-14
78309,5,0.99,-3,31.74, 0,31.89,-16,3915.12, 0,3990.79,-2,3991.77,-2
78614,5,1.02, 4,31.74,10,31.87,-1,3911.22,32,3983.66,-3,3.29, 0
78719,5,0.96, 1,31.72,-5,31.83,-3,3913.17,-32,3975.98, 4,3995.91,-5
78824,5,0.97, 5,31.68,-19,31.81,-4,3913.17, 0,3992.38, 8,3983.23,-5
78929,5,1.00, 1,31.73,-1,31.82,10,3913.17,16,4.09, 0,3979.76, 2
79035,5,0.98,-12,31.73,-11,31.82,13,3911.22,32,3995.12, 2,3980.37, 0
79140,5,1.03,-4,31.77,25,31.78,-20,3911.22,48,3993.35,-16,3964.21,26
79245,5,0.93, 7,31.75, 4,31.76,-24,3915.12,-48,3986.40, 1,3960.49, 9
79350,5,0.85,-20,31.75,-3,31.69, 7,3913.17,-16,3992.32, 3,3938.48,-2
79455,5,0.77, 7,31.82,-2,31.62,38,3912.20, 0,3990.18,-5,3902.44,-9
79561,5,0.64, 1,31.84, 0,31.40,11,3911.22,16,3981.71, 1,3875.91,-5
79666,5,0.57,-194,31.75,-6,30.78,419,3913.17,16,39.09,-21,3808.60,-93
79771,5,0.44,-10,31.64, 1,30.73,-15,3913.17,-16,3963.11,29,3831.95,-11
79875,5,31.89,38,0.23,11,30.53,-111,3915.12,-16,3967.07,-65,3845.37,31
79980,5,0.14,-121,31.88,48,30.34,116,3917.07,-48,3995.73,-65463,3878.11,-79
80085,5,31.48,-50,31.64,204,31.31,58,3913.17,16,55.37,113,66.77,-21
80190,5,31.92,47,31.93,-57,30.76,14,3915.12,-16,3979.33,-24,54.63,-52
80294,5,0.19,20,31.89,-130,30.72,14,3913.17,16,26.52,63,14.09,37
80399,5,0.24,-10,31.86, 0,31.13,-2,3913.17,16,10.00,33,42.26,-1
80504,5,0.12,26,31.96,-54,31.08,-33,3915.12,-16,3977.13,21,3965.85,-13
80609,5,0.11,-7,31.96,-45,30.75,-19,3913.17,-16,3.48, 8,3941.71,75
80714,5,0.08, 4,31.83,-23,30.80, 4,3915.12,-16,18.17,-7,9.94,-9
80819,5,0.16,-74,31.83,-27,30.93,134,3915.12,-16,18.54,-8,62.50,-53
80923,5,0.20,23,31.73,-6,30.90,18,3915.12,-16,13.05,-12,3994.94,-4
88817,6,1.02,-12,31.76, 4,31.93, 8,3916.10,-16,3989.21,-3,3988.41,-3
89123,6,1.02,-13,31.76,-5,31.90,-14,3916.10, 0,3986.71, 0,3993.90, 1
89228,6,0.99,-6,31.74, 2,31.89,-16,3916.10, 0,3994.70, 3,3994.21,-3
89333,6,1.00,10,31.76,-17,31.88,-31,3914.15,32,3.66, 3,3991.59, 4
89438,6,1.00,15,31.77, 4,31.89, 0,3914.15, 0,2.99,-1,3991.65, 0
89543,6,1.00,-4,31.78,26,31.89,-7,3915.12,16,1.10,-4,3991.04, 0
89648,6,1.00, 5,31.76, 1,31.89,-4,3917.07,-48,3992.32,-2,3985.30, 1
89753,6,1.00,-1,31.78,-9,31.87,-2,3915.12,32,1.40,-4,3987.56,-7
89858,6,1.00,-4,31.77,-9,31.88,-19,3917.07,-16,3995.85,-65532,3981.16, 3
89964,6,0.99, 1,31.77,-6,31.83, 6,3916.10,-16,1.10,-4,3980.55, 0
90069,6,0.99, 4,31.78, 4,31.80, 5,3916.10,-32,3995.37,-1,3983.05, 7
90174,6,0.91,-5,31.78,15,31.78, 5,3916.10, 0,3992.07,-16,3975.24,-17
90279,6,0.87,14,31.78,-8,31.69, 1,3916.10,-32,3981.89,-6,3943.48,-3
90383,6,0.84,-10,31.77,-5,31.65,-18,3916.10, 0,3968.54, 2,3921.52,-4
90488,6,0.73,-11,31.79,-2,31.51,-12,3916.10, 0,3960.24,-1,3897.93,-6
90593,6,0.61,-24,31.78,-26,31.20,-23,3916.10,-32,3963.35,-22,3836.83,-12
90698,6,0.63,-3,31.62,-15,30.67,-92,3914.15,32,3932.01,15,3826.95,35
90803,6,0.13,-75,31.65,34,30.91,76,3914.15,32,3932.50,25,3885.55,-34
90908,6,31.98,28,0.27,111,30.35,-172,3916.10, 0,3931.65,-238,3865.67,118
91014,6,31.89,-65185,0.14,64586,30.37,-478,3918.05, 0,6.89,1089,103.35,842
91119,6,31.62,45,31.95,50,31.17,-51,3916.10,32,20.61,15,3981.83,15
91224,6,0.03,-5,31.91,-197,31.01, 2,3914.15,32,3991.71,-65444,3990.91,-9
91332,6,0.11,-9,31.69,25,30.79,-14,3916.10, 0,24.82,14,52.68,-1
91438,6,0.11,214,31.71,-199,30.95,-64,3917.07, 0,6.04,65230,3985.98,-276
91543,6,0.19,-4,31.77,40,30.89,-47,3917.07, 0,9.76,-9,3979.15,24
91648,6,0.14,-12,31.81,-2,30.98,-23,3919.02,-32,3992.87, 0,6.77,-1
91753,6,0.05,-4,31.77,-33,30.99,18,3917.07,32,36.65,16,3981.28,-20
105027,7,1.02,-13,31.75,-22,31.99,-15,3918.05,32,3990.91,-3,0.00,65531
105332,7,0.99, 8,31.72, 8,31.98,-10,3920.00, 0,3992.99, 4,6.59,-1
105437,7,0.99,17,31.71,-7,31.97,-18,3920.00,-32,0.00, 4,0.43,-3
105541,7,0.97,19,31.71,14,31.97,31,3918.05, 0,0.85, 7,0.30,65529
105646,7,1.00,-9,31.70,12,31.99,-5,3919.02,-16,3.29,-2,3994.21, 5
105750,7,0.99, 0,31.71, 7,31.99,14,3920.00, 0,1.95, 1,1.52, 2
105855,7,0.98, 0,31.72, 5,0.03, 0,3919.02,16,0.49, 4,1.28,-7
105959,7,0.96,14,31.72, 2,0.06,17,3920.00, 0,3991.04, 4,3993.23,-7
106064,7,0.95, 3,31.73, 6,0.06, 4,3919.02,-16,3989.88,-4,3989.27,-1
106169,7,0.95,-19,31.72, 5,0.03,-6,3920.98,-32,3986.95, 0,3983.66,-3
106274,7,0.91,-8,31.73, 4,31.97,14,3920.98,-32,3988.66,-2,3972.32,-9
106378,7,0.94,11,31.74,-5,31.91,-18,3920.98, 0,3988.60,-3,3949.15,-9
106483,7,0.92,-11,31.73, 5,31.87,11,3919.02,32,3984.76,-3,3938.90,-3
106588,7,0.83, 2,31.73, 5,31.77,-26,3920.00,16,3969.21,-18,3915.12,-18
106692,7,0.71,11,31.76,15,31.60,-10,3920.00,16,3958.66,-7,3886.65,-10
106797,7,0.60,-1,31.80,-19,31.14,-26,3920.00, 0,3949.45,24,3820.12,-29
106901,7,0.66,-42,31.60,-42,30.81,-22,3920.00,-32,3957.13,45,3840.06,12
107006,7,31.95,-65136,31.63,-387,31.40,-116,3920.00, 0,3962.20,-1125,3872.38,-1109
107111,7,0.01,546,31.88,47,30.20,-1420,3920.98,48,3906.34,46,3757.99,1094
107216,7,0.18,64724,31.90,-65121,31.47,-150,3922.93,-16,63.96, 2,123.96,-238
107320,7,31.88,47,31.96,18,31.17,-37,3920.98,16,3990.18,37,3942.13,77
107425,7,0.21,137,31.97,-244,30.68,50,3920.98,16,27.44,-50,59.15,-89
107530,7,0.16,-43,31.79,-24,30.74,53,3922.93, 0,30.73,25,20.06,-18
107635,7,0.06, 7,31.86,-115,30.97,-28,3922.93, 0,18.11,-2,3978.41,-31
107740,7,0.15,-32,31.82,16,31.07,-56,3921.95,-16,3965.98,-54,3953.90,-37
107845,7,31.99,14,31.91,-23,30.79,25,3920.00,16,3966.59,29,3980.37,-53
107949,7,0.03,10,31.90,64,30.85,-66,3921.95, 0,6.71,-5,3994.51,-65507
108054,7,0.02,11,31.95, 4,30.91,-34,3921.95, 0,3993.17,-4,1.89, 4
108159,7,0.04,-5,31.98,-65492,30.84,-1,3921.95, 0,3983.72,-3,3992.50,-1
108264,7,0.01, 6,31.95,-54,30.85,51,3921.95,32,3995.61, 4,3986.65, 6
108368,7,0.01,-8,31.95,-22,30.90,39,3923.90,-32,0.49,16,3995.37,-6
108473,7,0.02,-6,31.95,20,30.86,-39,3922.93,-16,0.18,65532,2.80, 2
108578,7,0.03, 0,31.94,-1,30.88, 8,3920.00,32,1.95,-1,5.85,-3
108683,7,0.02,10,31.95,-8,30.88,12,3922.93,-32,1.16,-3,4.15, 4
108788,7,0.03, 4,31.94, 3,30.87, 4,3920.98,32,5.79,-1,3993.66,-2
108893,7,0.02, 7,31.93,-13,30.88,-3,3924.88,-32,4.82, 3,3993.66,-13
108998,7,0.02, 5,31.91, 5,30.87, 1,3920.00,16,4.94, 1,0.30, 5
109103,7,0.03,15,31.87,-7,30.88,29,3921.95,-16,13.66,15,4.33,-7
109208,7,0.05,-5,31.85, 3,30.91,23,3921.95, 0,11.04,-14,7.74,-13
109313,7,0.05,-13,31.90,-1,30.91,-46,3920.00, 0,3983.66,-7,3986.46,-8
117355,8,0.96,54,31.90,-5,0.01, 5,3920.00,-32,3989.27, 1,3992.50, 9
117660,8,1.10, 5,31.73,-24,31.86,-15,3919.02,16,3.96,20,5.37,13
117765,8,0.96,-5,31.84, 8,0.03,25,3920.98,-32,18.72,-13,2.80, 0
117870,8,1.01,25,31.93,-11,31.99, 0,3920.98, 0,14.76,-2,12.38, 7
117975,8,1.01, 9,31.91,-4,31.99,-11,3920.98,-32,3994.21,-9,3992.44,-3
118080,8,1.03,22,31.87,24,0.03,13,3920.00,-16,3980.30,10,3994.15, 2
118185,8,1.03,-10,31.85,-3,0.00,12,3920.00, 0,3991.71, 2,8.41, 3
118290,8,1.01, 5,31.85,-2,0.03,-17,3920.00,-32,3993.54, 7,5.49, 2
118394,8,1.00, 8,31.85, 7,0.02,-3,3920.00, 0,1.28,-1,3993.54,-3
118499,8,1.04,-5,31.85,-6,0.01,13,3920.00, 0,4.70,-1,3991.89,-1
118604,8,1.00,-7,31.85, 2,31.97, 6,3917.07,48,3.84,-5,3995.43,-4
118709,8,1.03, 7,31.86,-18,31.97,-9,3917.07, 0,6.46, 5,3992.80,-5
118813,8,1.03,14,31.86, 0,31.98,26,3919.02,-32,1.59,-5,3993.41, 4
118918,8,1.01,-10,31.86, 5,0.02, 9,3918.05,48,3994.63,-1,0.85, 0
119023,8,1.00, 7,31.85,-12,0.02,21,3920.00,-32,3994.88, 2,3993.23,-3
119128,8,0.98,-9,31.87,-2,0.04, 4,3918.05,32,3995.61,-6,3986.89,-5
119233,8,0.96, 1,31.86, 0,0.01, 1,3919.02,-16,3993.17, 3,3972.20,-9
119338,8,1.04, 5,31.87,-2,31.94,19,3918.05,16,3990.30,-1,3959.51, 5
119442,8,0.99, 0,31.86, 6,31.86,-11,3919.02, 0,3987.44, 2,3969.21,-2
119547,8,0.96,11,31.85,-1,31.77,-1,3919.02, 0,3989.57, 5,3957.99,-6
119652,8,0.98,-11,31.86,-5,31.72,-28,3920.00,-16,3994.09, 0,3946.04,-5
119757,8,0.90,-3,31.86,13,31.67, 7,3918.05, 0,3987.26,-3,3935.30,-8
119861,8,0.80, 4,31.88,-4,31.57, 7,3917.07,48,3987.74, 5,3916.22,-3
119966,8,0.80,-4,31.82,22,31.44,-10,3919.02,-16,3969.39,-22,3886.52,-17
120071,8,0.68,-92,31.89,161,31.03,15,3917.07, 0,3995.55,-65489,3874.70,-5
120176,8,0.34,-93,0.23,19,31.04,-33,3918.05,-16,3931.40,48,3804.63,12
120281,8,31.69,27,31.93,-51,29.48,-136,3918.05,48,2.80,73,3887.50,143
120386,8,31.20,-3106,0.08,101,30.36,2228,3920.00, 0,3820.49,-2124,123.66,1726
120491,8,0.04,-53,31.88,-2,31.30,-116,3921.95, 0,14.27,50,3957.56,-160
120596,8,31.99,-65492,0.15,-63,30.74,-3,3922.93,-32,8.23,-6,20.91,-6
120701,8,0.13, 2,0.06,-15,30.83, 2,3921.95,16,3991.10,-9,16.34,10
120806,8,0.15,21,0.02,-5,31.01, 7,3923.90,32,3981.40,-9,3988.90,-12
126501,9,1.01,-5,31.81,11,31.93,20,3921.95,32,3994.33, 6,0.85, 4
126807,9,1.00,13,31.81,-21,31.94,-10,3924.88,-16,3994.63,-5,1.46,-3
126912,9,1.00,-8,31.80,-3,31.93,-2,3920.98,32,0.30, 2,3995.12, 0
127016,9,1.00, 4,31.80,-1,31.93, 6,3921.95,16,3994.21,-1,3989.39, 2
127121,9,1.01,-7,31.81,-7,31.91,-20,3921.95, 0,3995.67, 0,3987.13, 0
127226,9,1.01, 4,31.81, 0,31.90,-6,3920.98,48,3994.70,-2,3987.07, 1
127331,9,1.02, 0,31.81, 4,31.86,15,3920.98,32,3994.27, 0,3984.09, 3
127435,9,1.02,-2,31.80,-5,31.82,24,3921.95,16,3994.57, 2,3989.15, 1
127540,9,1.00, 7,31.81, 0,31.83, 4,3923.90,-32,3991.10, 2,3984.57,-3
127645,9,1.00,-1,31.80,-3,31.85,-23,3923.90,-32,3989.15, 0,3979.70,-2
127750,9,0.98, 2,31.80,-5,31.83,16,3922.93,-16,3987.38, 0,3973.41, 2
127854,9,0.94, 4,31.82, 3,31.80,19,3922.93,-32,3987.13,-1,3960.18,-11
127959,9,0.89, 2,31.84,-15,31.76,-9,3921.95,16,3984.33,-4,3941.22,-3
128064,9,0.78,-49,31.88,85,31.59,21,3923.90, 0,3984.63, 1,3912.07,-2
128169,9,0.71, 9,31.93,11,31.42,-8,3922.93,16,3956.71,-11,3858.11, 4
128274,9,0.65,38,0.02,-3,31.10,13,3922.93, 0,3934.09,11,3846.71,-3
128379,9,0.35,-12,31.95,-30,30.87,34,3922.93, 0,3890.98,20,3797.50,-1
128483,9,31.62,165,0.53,41,30.23,-173,3923.90,-16,3893.23,-182,3723.23,144
128588,9,31.94,-560,0.09,27,30.62,992,3923.90,32,120.06,31,479.70,-841
128693,9,31.99,-65228,0.36,333,31.16,18,3926.83,-48,3977.32,-1005,3951.89,-1088
128798,9,0.06,60,0.18,-67,30.59,75,3924.88, 0,22.50,19,3951.95,101
128904,9,0.20,-1,0.19,-41,30.82,25,3923.90,32,7.01,-17,57.93,-34
129008,9,0.08, 4,0.08,69,30.75,-35,3923.90, 0,10.24,-42,3993.23, 2
129113,9,0.11,39,0.08,14,31.02,-15,3924.88,16,6.89,-10,46.95,25
129218,9,0.09,-10,0.02,-2,30.93,-30,3922.93,64,25.73,-13,0.18,33
129323,9,0.16,-21,31.94,12,30.87,-6,3925.85,-16,29.76,28,22.74,-29
129428,9,0.32,-52,0.02,-6,30.89,52,3925.85, 0,3981.34,-2,64.33,-4
137127,10,1.00, 0,31.79,-1,31.92,-5,3924.88, 0,3992.38,-2,3988.29, 2
137432,10,1.01,-3,31.77,-13,31.90,-3,3924.88,32,3992.07, 6,3989.94,-3
137537,10,1.01, 5,31.78, 8,31.89,-13,3924.88,32,3995.98,-2,3988.48,-1
137642,10,1.00,11,31.79,-1,31.90, 3,3925.85,-16,3993.48, 3,3984.82,-2
137747,10,1.01, 2,31.78, 6,31.87, 1,3923.90,32,3994.88,-5,3985.98, 5
137851,10,1.00, 1,31.81,-9,31.84,13,3925.85,-32,3992.87,-1,3986.34,-3
137956,10,0.99,-2,31.80, 4,31.84, 2,3925.85, 0,3991.40,-2,3980.43,-3
138061,10,0.98,-4,31.81,-6,31.83, 1,3928.78,-48,3990.37,-5,3970.55,-5
138166,10,0.94, 3,31.82,-9,31.81,-3,3926.83,-16,3989.57,-2,3959.82,-1
138271,10,0.89,-2,31.83, 6,31.76,-3,3924.88,64,3986.95,-1,3940.30,-7
138376,10,0.81,-1,31.89,-6,31.63, 7,3925.85,-16,3983.54, 2,3914.33,-4
138480,10,0.76,-23,31.94, 9,31.50,-7,3925.85,16,3975.85, 1,3889.45, 2
138585,10,0.61,36,31.99,-26,31.16,-43,3925.85, 0,3982.32,33,3861.71,-12
138690,10,0.41,-61,0.11,22,30.83,30,3927.80,-32,6.52,-38,3789.09,-25
138795,10,0.09,204,0.35,-184,30.59,-72,3924.88,16,3927.87,-37,3870.85,-7
138900,10,31.82,181,0.26,73,30.57,260,3924.88, 0,3942.68,18,3920.85,111
139005,10,31.39,288,0.47,-18,31.42,-561,3925.85,16,36.46,132,60.98,157
139110,10,31.86,14,0.12,-1,30.70,32,3927.80, 0,72.38,25,42.32, 5
139215,10,0.35,-26,0.18,-33,31.24,69,3924.88,16,52.32,-20,38.11,-35
